Aachen Hbf,8000001,2,Aachen,"{'type': 'Point', 'coordinates': [6.091499, 50.7678]}"
Aachen-Rothe Erde,8000406,4,Aachen,"{'type': 'Point', 'coordinates': [6.116475, 50.770202]}"
Aalen,8000002,2,Aalen,"{'type': 'Point', 'coordinates': [10.096271, 48.841013]}"
Achern,8000412,4,Achern,"{'type': 'Point', 'coordinates': [8.065324, 48.63399]}"
Achim,8000413,4,Achim,"{'type': 'Point', 'coordinates': [9.030447, 53.01599]}"
Ahlen (Westf),8000441,4,Ahlen ,"{'type': 'Point', 'coordinates': [7.895488, 51.761062]}"
Ahrensburg,8000446,4,Ahrensburg,"{'type': 'Point', 'coordinates': [10.236206, 53.669171]}"
Ahrensfelde,8011003,4,Berlin,"{'type': 'Point', 'coordinates': [13.565154, 52.571375]}"
Alexanderplatz,8011155,3,Berlin,"{'type': 'Point', 'coordinates': [13.410961, 52.521481]}"
Alfeld (Leine),8000483,4,Alfeld ,"{'type': 'Point', 'coordinates': [9.817779, 51.981417]}"
Allensbach,8000496,4,Allensbach,"{'type': 'Point', 'coordinates': [9.068852, 47.714464]}"
Allermöhe,8000779,4,Hamburg,"{'type': 'Point', 'coordinates': [10.158735, 53.490356]}"
Allermöhe (S-Bahn),8000779,4,Hamburg,"{'type': 'Point', 'coordinates': [10.158735, 53.490356]}"
Altbach,8000508,3,Altbach,"{'type': 'Point', 'coordinates': [9.382384, 48.720393]}"
Alte Wöhr (S-Bahn),8000512,4,Hamburg,"{'type': 'Point', 'coordinates': [10.035415, 53.59793]}"
Altenbeken,8000004,2,Altenbeken,"{'type': 'Point', 'coordinates': [8.943319, 51.766433]}"
Altenhundem,8000532,4,Lennestadt,"{'type': 'Point', 'coordinates': [8.071517, 51.104132]}"
Altglienicke,8089054,4,Berlin,"{'type': 'Point', 'coordinates': [13.558753, 52.407299]}"
Alzey,8000007,3,Alzey,"{'type': 'Point', 'coordinates': [8.109749, 49.7502]}"
Andernach,8000331,3,Andernach,"{'type': 'Point', 'coordinates': [7.404839, 50.434542]}"
Angermünde,8010004,3,Angermünde,"{'type': 'Point', 'coordinates': [13.996361, 53.015221]}"
Ansbach,8000009,3,Ansbach,"{'type': 'Point', 'coordinates': [10.578239, 49.298032]}"
Apolda,8011051,4,Apolda,"{'type': 'Point', 'coordinates': [11.526136, 51.03094]}"
Appelhülsen,8000595,4,Nottuln-Appelhülsen,"{'type': 'Point', 'coordinates': [7.426334, 51.892139]}"
Appenweier,8000596,4,Appenweier,"{'type': 'Point', 'coordinates': [7.97319, 48.541461]}"
Arnsberg (Westf),8000605,4,Arnsberg,"{'type': 'Point', 'coordinates': [8.067965, 51.405662]}"
Arnstadt Hbf,8010007,4,Arnstadt,"{'type': 'Point', 'coordinates': [10.948262, 50.841939]}"
Aschaffenburg Hbf,8000010,2,Aschaffenburg,"{'type': 'Point', 'coordinates': [9.143697, 49.980557]}"
Aschersleben Pbf,8010009,4,Aschersleben,"{'type': 'Point', 'coordinates': [11.465689, 51.757122]}"
Asperg,8000630,4,Asperg,"{'type': 'Point', 'coordinates': [9.147797, 48.907359]}"
Au (Sieg),8000012,3,Windeck,"{'type': 'Point', 'coordinates': [7.656537, 50.773765]}"
Augsburg Haunstetterstraße,8000658,3,Augsburg,"{'type': 'Point', 'coordinates': [10.900985, 48.355285]}"
Augsburg Hbf,8000013,2,Augsburg,"{'type': 'Point', 'coordinates': [10.88557, 48.365441]}"
Augsburg-Hochzoll,8000661,3,Augsburg,"{'type': 'Point', 'coordinates': [10.943376, 48.352977]}"
Augsburg-Oberhausen,8000662,4,Augsburg,"{'type': 'Point', 'coordinates': [10.872533, 48.380772]}"
Aulendorf,8000014,4,Aulendorf,"{'type': 'Point', 'coordinates': [9.644046, 47.953052]}"
Aumühle,8000669,4,Aumühle,"{'type': 'Point', 'coordinates': [10.314672, 53.529853]}"
Bacharach,8000683,4,Bacharach,"{'type': 'Point', 'coordinates': [7.769523, 50.056101]}"
Backnang,8000016,3,Backnang,"{'type': 'Point', 'coordinates': [9.425989, 48.942676]}"
Bad Bentheim,8000879,4,Bad Bentheim,"{'type': 'Point', 'coordinates': [7.158539, 52.30985]}"
Bad Dürkheim,8000698,4,Bad Dürkheim,"{'type': 'Point', 'coordinates': [8.170701, 49.460633]}"
Bad Endorf (Oberbay),8001787,4,Bad Endorf ,"{'type': 'Point', 'coordinates': [12.301558, 47.905066]}"
Bad Friedrichshall Hbf,8000017,3,Bad Friedrichshall,"{'type': 'Point', 'coordinates': [9.199771, 49.231571]}"
Bad Harzburg,8000019,3,Bad Harzburg,"{'type': 'Point', 'coordinates': [10.555444, 51.888116]}"
Bad Hersfeld,8000020,3,Bad Hersfeld,"{'type': 'Point', 'coordinates': [9.716182, 50.869632]}"
Bad Homburg,8000712,3,Bad Homburg,"{'type': 'Point', 'coordinates': [8.620624, 50.219904]}"
Bad Hönningen,8000711,4,Bad Hönningen,"{'type': 'Point', 'coordinates': [7.310871, 50.513676]}"
Bad Kleinen,8010018,4,Bad Kleinen,"{'type': 'Point', 'coordinates': [11.466925, 53.766974]}"
Bad Kreuznach,8000021,3,Bad Kreuznach,"{'type': 'Point', 'coordinates': [7.866435, 49.842399]}"
Bad Krozingen,8000718,4,Bad Krozingen,"{'type': 'Point', 'coordinates': [7.697632, 47.919721]}"
Bad Langensalza,8010020,4,Bad Langensalza,"{'type': 'Point', 'coordinates': [10.640671, 51.101701]}"
Bad Münster am Stein,8000726,4,Bad Münster am Stein,"{'type': 'Point', 'coordinates': [7.846989, 49.813426]}"
Bad Nauheim,8000728,4,Bad Nauheim,"{'type': 'Point', 'coordinates': [8.749334, 50.367904]}"
Bad Oeynhausen,8000732,3,Bad Oeynhausen,"{'type': 'Point', 'coordinates': [8.796523, 52.205398]}"
Bad Oldesloe,8000023,2,Bad Oldesloe,"{'type': 'Point', 'coordinates': [10.3825414, 53.8053902]}"
Bad Rappenau,8000736,4,Bad Rappenau,"{'type': 'Point', 'coordinates': [9.101529, 49.237765]}"
Bad Schandau,8010022,3,Bad Schandau,"{'type': 'Point', 'coordinates': [14.1375375, 50.9192886]}"
Bad Schönborn Süd,8003533,4,Bad Schönborn,"{'type': 'Point', 'coordinates': [8.641924, 49.200001]}"
Bad Vilbel,8000760,3,Bad Vilbel,"{'type': 'Point', 'coordinates': [8.73946, 50.188677]}"
Baden-Baden,8000774,3,Baden-Baden,"{'type': 'Point', 'coordinates': [8.190831, 48.790327]}"
Bahrenfeld (S-Bahn),8000780,4,Hamburg,"{'type': 'Point', 'coordinates': [9.910778, 53.56006]}"
Balingen (Württ),8000353,4,Balingen ,"{'type': 'Point', 'coordinates': [8.850307, 48.278469]}"
Bamberg,8000025,2,Bamberg,"{'type': 'Point', 'coordinates': [10.899489, 49.900759]}"
Bargteheide,8000804,4,Bargteheide,"{'type': 'Point', 'coordinates': [10.269104, 53.7282]}"
Barmbek (S-Bahn),8000805,4,Hamburg,"{'type': 'Point', 'coordinates': [10.044164, 53.587458]}"
Baumschulenweg,8089004,4,Berlin,"{'type': 'Point', 'coordinates': [13.490097, 52.467244]}"
Bautzen,8010026,4,Bautzen,"{'type': 'Point', 'coordinates': [14.428735, 51.173097]}"
Bayreuth Hbf,8000028,3,Bayreuth,"{'type': 'Point', 'coordinates': [11.579985, 49.949616]}"
Bebra,8000029,3,Bebra,"{'type': 'Point', 'coordinates': [9.797788, 50.969568]}"
Bellevue,8089005,4,Berlin,"{'type': 'Point', 'coordinates': [13.348263, 52.519955]}"
Bensheim,8000031,4,Bensheim,"{'type': 'Point', 'coordinates': [8.616717, 49.681329]}"
Bergen auf Rügen,8010033,3,Bergen (Rügen),"{'type': 'Point', 'coordinates': [13.417821, 54.4205]}"
Bergfelde (b Berlin),8080100,4,Hohen Neuendorf,"{'type': 'Point', 'coordinates': [13.320244, 52.670303]}"
Berlin Anhalter Bahnhof,8089002,3,Berlin,"{'type': 'Point', 'coordinates': [13.381362, 52.503486]}"
Berlin Brandenburger Tor,8089044,4,Berlin,"{'type': 'Point', 'coordinates': [13.381815, 52.516506]}"
Berlin Frankfurter Allee,8089013,4,Berlin,"{'type': 'Point', 'coordinates': [13.47441, 52.515168]}"
Berlin Hauptbahnhof,8011160,1,Berlin,"{'type': 'Point', 'coordinates': [13.369545, 52.525592]}"
Berlin Hauptbahnhof–Lehrter Bahnhof,8011160,1,Berlin,"{'type': 'Point', 'coordinates': [13.369545, 52.525592]}"
Berlin Ostbahnhof,8010255,1,Berlin,"{'type': 'Point', 'coordinates': [13.4346807, 52.5104881]}"
Berlin Potsdamer Platz,8011118,2,Berlin,"{'type': 'Point', 'coordinates': [13.375988, 52.509379]}"
Berlin Südkreuz,8011113,1,Berlin,"{'type': 'Point', 'coordinates': [13.365319, 52.475047]}"
Berlin Zoologischer Garten,8010406,2,Berlin,"{'type': 'Point', 'coordinates': [13.331992, 52.507277]}"
Berlin-Adlershof,8089052,4,Berlin,"{'type': 'Point', 'coordinates': [13.541129, 52.435031]}"
Berlin-Blankenburg,8089056,4,Berlin,"{'type': 'Point', 'coordinates': [13.44333, 52.591164]}"
Berlin-Buch,8089057,4,Berlin,"{'type': 'Point', 'coordinates': [13.492286, 52.636162]}"
Berlin-Charlottenburg,8010403,3,Berlin,"{'type': 'Point', 'coordinates': [13.3023298, 52.5042126]}"
Berlin-Friedrichshagen,8089060,4,Berlin,"{'type': 'Point', 'coordinates': [13.6246, 52.457247]}"
Berlin-Friedrichstraße,8011306,2,Berlin,"{'type': 'Point', 'coordinates': [13.3872056, 52.520373]}"
Berlin-Frohnau,8089061,4,Berlin,"{'type': 'Point', 'coordinates': [13.289934, 52.632758]}"
Berlin-Gesundbrunnen,8011102,1,Berlin,"{'type': 'Point', 'coordinates': [13.388513, 52.548963]}"
Berlin-Grünau,8089063,4,Berlin,"{'type': 'Point', 'coordinates': [13.573497, 52.413028]}"
Berlin-Grunewald,8089062,4,Berlin,"{'type': 'Point', 'coordinates': [13.26172, 52.488693]}"
Berlin-Halensee,8089109,4,Berlin,"{'type': 'Point', 'coordinates': [13.290326, 52.496254]}"
Berlin-Hermsdorf,8089064,4,Berlin,"{'type': 'Point', 'coordinates': [13.30769, 52.617782]}"
Berlin-Hohenschönhausen,8011901,4,Berlin,"{'type': 'Point', 'coordinates': [13.5124218, 52.5660016]}"
Berlin-Karlshorst,8010035,3,Berlin,"{'type': 'Point', 'coordinates': [13.5279465, 52.4797942]}"
Berlin-Karow,8011046,4,Berlin,"{'type': 'Point', 'coordinates': [13.469204, 52.614884]}"
Berlin-Kaulsdorf,8089068,4,Berlin,"{'type': 'Point', 'coordinates': [13.58894, 52.512093]}"
Berlin-Köpenick,8089069,4,Berlin,"{'type': 'Point', 'coordinates': [13.580942, 52.45861]}"
Berlin-Lichtenberg,8010036,2,Berlin,"{'type': 'Point', 'coordinates': [13.4966934, 52.5101355]}"
Berlin-Lichterfelde Ost,8011041,3,Berlin,"{'type': 'Point', 'coordinates': [13.328556, 52.429451]}"
Berlin-Lichterfelde West,8089071,4,Berlin,"{'type': 'Point', 'coordinates': [13.293732, 52.44335]}"
Berlin-Mahlsdorf,8011343,4,Berlin,"{'type': 'Point', 'coordinates': [13.611417, 52.512107]}"
Berlin-Marzahn,8089075,4,Berlin,"{'type': 'Point', 'coordinates': [13.541341, 52.543608]}"
Berlin-Neukölln,8089077,4,Berlin,"{'type': 'Point', 'coordinates': [13.44306, 52.46942]}"
Berlin-Nordbahnhof,8089024,4,Berlin,"{'type': 'Point', 'coordinates': [13.388464, 52.532066]}"
Berlin-Rummelsburg,8089084,4,Berlin,"{'type': 'Point', 'coordinates': [13.478362, 52.501309]}"
Berlin-Schlachtensee,8089085,4,Berlin,"{'type': 'Point', 'coordinates': [13.215025, 52.439976]}"
Berlin-Schönefeld Flughafen,8010109,3,Schönefeld,"{'type': 'Point', 'coordinates': [13.51271, 52.391062]}"
Berlin-Schöneweide Pbf,8010041,3,Berlin,"{'type': 'Point', 'coordinates': [13.509395, 52.455127]}"
Berlin-Schönholz,8089087,4,Berlin,"{'type': 'Point', 'coordinates': [13.381111, 52.571422]}"
Berlin-Spandau,8010404,2,Berlin,"{'type': 'Point', 'coordinates': [13.1968975, 52.5346481]}"
Berlin-Tempelhof,8089090,4,Berlin,"{'type': 'Point', 'coordinates': [13.384547, 52.470967]}"
Berlin-Wannsee,8010405,2,Berlin,"{'type': 'Point', 'coordinates': [13.1795275, 52.4209723]}"
Berlin-Wannsee ARZ,8010405,2,Berlin,"{'type': 'Point', 'coordinates': [13.1795275, 52.4209723]}"
Berlin-Westkreuz,8089047,3,Berlin,"{'type': 'Point', 'coordinates': [13.283966, 52.500737]}"
Berlin-Zehlendorf,8089098,4,Berlin,"{'type': 'Point', 'coordinates': [13.258659, 52.431067]}"
Berliner Tor (S-Bahn),8000908,3,Hamburg,"{'type': 'Point', 'coordinates': [10.02463, 53.55287]}"
Bernau (b Berlin),8013470,3,Bernau bei Berlin,"{'type': 'Point', 'coordinates': [13.5926414, 52.6755689]}"
Bernburg,8010043,4,Bernburg,"{'type': 'Point', 'coordinates': [11.751455, 51.79612]}"
Betriebsbahnhof Berlin-Rummelsburg,8089006,4,Berlin,"{'type': 'Point', 'coordinates': [13.497786, 52.493827]}"
Betriebsbahnhof Berlin-Schöneweide,8089007,4,Berlin,"{'type': 'Point', 'coordinates': [13.52368, 52.446905]}"
Betzdorf (Sieg),8000034,3,Betzdorf ,"{'type': 'Point', 'coordinates': [7.87005, 50.789294]}"
Beusselstraße,8089118,4,Berlin,"{'type': 'Point', 'coordinates': [13.329042, 52.534354]}"
Biberach (Riß),8000943,4,Biberach (Riß),"{'type': 'Point', 'coordinates': [9.793127, 48.101845]}"
Biblis,8000503,4,Biblis,"{'type': 'Point', 'coordinates': [8.450413, 49.688881]}"
Bielefeld Hbf,8000036,2,Bielefeld,"{'type': 'Point', 'coordinates': [8.532722, 52.029261]}"
Biesdorf,8089055,4,Berlin,"{'type': 'Point', 'coordinates': [13.555878, 52.513097]}"
Bietigheim-Bissingen,8000038,2,Bietigheim-Bissingen,"{'type': 'Point', 'coordinates': [9.137557, 48.947933]}"
Bingen (Rhein) Hbf,8000039,4,Bingen ,"{'type': 'Point', 'coordinates': [7.884263, 49.968729]}"
Bingen (Rhein) Stadt,8000976,4,Bingen ,"{'type': 'Point', 'coordinates': [7.902985, 49.969746]}"
Birkenwerder (b Berlin),8080190,4,Birkenwerder,"{'type': 'Point', 'coordinates': [13.288772, 52.688249]}"
Bitterfeld,8010050,3,Bitterfeld-Wolfen,"{'type': 'Point', 'coordinates': [12.31685, 51.622861]}"
Blankenese (S-Bahn),8001007,3,Hamburg,"{'type': 'Point', 'coordinates': [9.814607, 53.564364]}"
Blankenfelde (Kr Teltow-Fläming),8010053,4,Blankenfelde ,"{'type': 'Point', 'coordinates': [13.415982, 52.337213]}"
Blankenloch,8001009,4, Stutensee,"{'type': 'Point', 'coordinates': [8.464729, 49.066528]}"
Bobingen,8001033,4,Bobingen,"{'type': 'Point', 'coordinates': [10.837891, 48.266373]}"
Böblingen,8001055,3,Böblingen,"{'type': 'Point', 'coordinates': [9.004128, 48.687758]}"
Bochum Hbf,8000041,2,Bochum,"{'type': 'Point', 'coordinates': [7.223275, 51.478609]}"
Bochum-Langendreer,8000358,4,Bochum,"{'type': 'Point', 'coordinates': [7.323645, 51.477992]}"
Bochum-Langendreer West,8004474,4,Bochum,"{'type': 'Point', 'coordinates': [7.304327, 51.478032]}"
Bodenheim,8000359,4,Bodenheim,"{'type': 'Point', 'coordinates': [8.312491, 49.929585]}"
Bonn Hbf,8000044,2,Bonn,"{'type': 'Point', 'coordinates': [7.097136, 50.732008]}"
Bonn-Bad Godesberg,8001082,4,Bonn,"{'type': 'Point', 'coordinates': [7.159555, 50.683927]}"
Bonn-Beuel,8001083,4,Bonn,"{'type': 'Point', 'coordinates': [7.127657, 50.738476]}"
Boppard Hbf,8000045,4,Boppard,"{'type': 'Point', 'coordinates': [7.586102, 50.231413]}"
Bornheim-Sechtem,8005499,4,Bornheim,"{'type': 'Point', 'coordinates': [6.957454, 50.795711]}"
Bornholmer Straße,8089008,4,Berlin,"{'type': 'Point', 'coordinates': [13.397943, 52.554491]}"
Botanischer Garten,8089009,4,Berlin,"{'type': 'Point', 'coordinates': [13.306766, 52.447784]}"
Bottrop Hbf,8000047,4,Bottrop,"{'type': 'Point', 'coordinates': [6.936684, 51.50945]}"
Brackwede,8000048,4,Bielefeld,"{'type': 'Point', 'coordinates': [8.498426, 51.997378]}"
Brandenburg Hbf,8010060,3,Brandenburg an der Havel,"{'type': 'Point', 'coordinates': [12.566138, 52.400554]}"
Brannenburg,8001129,4,Brannenburg,"{'type': 'Point', 'coordinates': [12.106464, 47.741354]}"
Braunschweig Hbf,8000049,2,Braunschweig,"{'type': 'Point', 'coordinates': [10.540295, 52.252218]}"
Bredstedt,8001139,4,Bredstedt,"{'type': 'Point', 'coordinates': [8.970336, 54.621166]}"
Bremen Hbf,8000050,2,Bremen,"{'type': 'Point', 'coordinates': [8.813834, 53.083481]}"
Bremen-Burg,8001156,4,Bremen,"{'type': 'Point', 'coordinates': [8.704773, 53.160288]}"
Bremen-Mahndorf,8001160,4,Bremen,"{'type': 'Point', 'coordinates': [8.944627, 53.039762]}"
Bremen-Walle,8001167,4,Bremen,"{'type': 'Point', 'coordinates': [8.786241, 53.103792]}"
Bremerhaven Hbf,8000051,3,Bremerhaven,"{'type': 'Point', 'coordinates': [8.599555, 53.534912]}"
Bretten,8000053,4,Bretten,"{'type': 'Point', 'coordinates': [8.693448, 49.0369]}"
Bruchsal,8000055,2,Bruchsal,"{'type': 'Point', 'coordinates': [8.589649, 49.124622]}"
Brühl,8001215,4,Brühl,"{'type': 'Point', 'coordinates': [6.912718, 50.829249]}"
Büchen,8000058,3,Büchen,"{'type': 'Point', 'coordinates': [10.623298, 53.474972]}"
Buchholz (Nordheide),8000056,3,Buchholz i.d.Nordheide,"{'type': 'Point', 'coordinates': [9.876266, 53.324683]}"
Buchloe,8000057,3,Buchloe,"{'type': 'Point', 'coordinates': [10.716217, 48.033723]}"
Bückeburg,8001245,4,Bückeburg,"{'type': 'Point', 'coordinates': [9.047796, 52.267637]}"
Bullay DB,8001267,4,Bullay,"{'type': 'Point', 'coordinates': [7.134584, 50.05446]}"
Bünde (Westf),8000059,4,Bünde ,"{'type': 'Point', 'coordinates': [8.573876, 52.202075]}"
Bundesplatz,8089107,4,Berlin,"{'type': 'Point', 'coordinates': [13.32959, 52.477617]}"
Burg (b Magdeburg),8011294,4,Burg,"{'type': 'Point', 'coordinates': [11.840356, 52.274406]}"
Burgdorf (Han),8001279,4,Burgdorf ,"{'type': 'Point', 'coordinates': [10.002837, 52.448708]}"
Butzbach,8001312,4,Butzbach,"{'type': 'Point', 'coordinates': [8.669517, 50.431156]}"
Bützow,8010066,4,Bützow,"{'type': 'Point', 'coordinates': [11.998194, 53.837114]}"
Buxtehude,8001315,3,Buxtehude,"{'type': 'Point', 'coordinates': [9.688314, 53.470491]}"
Calbe (Saale) Ost,8010070,4,Calbe (Saale),"{'type': 'Point', 'coordinates': [11.810527, 51.920693]}"
Castrop-Rauxel Hbf,8001327,3,Castrop-Rauxel,"{'type': 'Point', 'coordinates': [7.30398, 51.573526]}"
Celle Pbf,8000064,3,Celle,"{'type': 'Point', 'coordinates': [10.0626343, 52.6209628]}"
Cham (Oberpf),8001330,4,Cham ,"{'type': 'Point', 'coordinates': [12.656832, 49.221869]}"
Chemnitz Hbf,8010184,2,Chemnitz ,"{'type': 'Point', 'coordinates': [12.930877, 50.839696]}"
Coburg,8001338,4,Coburg,"{'type': 'Point', 'coordinates': [10.9573281, 50.2629273]}"
Cochem (Mosel),8001340,4,Cochem ,"{'type': 'Point', 'coordinates': [7.166738, 50.153092]}"
Coesfeld (Westf),8000066,4,Coesfeld,"{'type': 'Point', 'coordinates': [7.16388, 51.939431]}"
Coswig (b Dresden),8010072,3,Coswig,"{'type': 'Point', 'coordinates': [13.579414, 51.12281]}"
Cottbus,8010073,2,Cottbus,"{'type': 'Point', 'coordinates': [14.324162, 51.750957]}"
Crailsheim,8000067,3,Crailsheim,"{'type': 'Point', 'coordinates': [10.064326, 49.137872]}"
Dachau Bahnhof,8001354,3,Dachau,"{'type': 'Point', 'coordinates': [11.44426, 48.254652]}"
Darmstadt Hbf,8000068,2,Darmstadt,"{'type': 'Point', 'coordinates': [8.629636, 49.872503]}"
Darmstadt-Eberstadt,8001379,4,Darmstadt,"{'type': 'Point', 'coordinates': [8.62582, 49.813922]}"
Dedensen / Gümmer,8001393,4,Seelze,"{'type': 'Point', 'coordinates': [9.521252, 52.407049]}"
Deisenhofen,8001404,4,Oberhaching,"{'type': 'Point', 'coordinates': [11.583597, 48.019539]}"
Delitzsch unt Bf,8010076,4,Delitzsch,"{'type': 'Point', 'coordinates': [12.345218, 51.525227]}"
Delmenhorst,8000070,3,Delmenhorst,"{'type': 'Point', 'coordinates': [8.629758, 53.052792]}"
Denzlingen,8001415,4,Denzlingen,"{'type': 'Point', 'coordinates': [7.881434, 48.068625]}"
Dessau Hauptbahnhof,8010077,3,Dessau-Roßlau,"{'type': 'Point', 'coordinates': [12.234945, 51.839865]}"
Dieburg,8000362,4,Dieburg,"{'type': 'Point', 'coordinates': [8.839795, 49.90369]}"
Diepholz,8001443,4,Diepholz,"{'type': 'Point', 'coordinates': [8.380334, 52.604771]}"
Dillenburg,8000074,4,Dillenburg,"{'type': 'Point', 'coordinates': [8.294088, 50.734883]}"
Dillingen (Saar),8000075,3,Dillingen (Saar),"{'type': 'Point', 'coordinates': [6.72215, 49.35271]}"
Ditzingen,8001476,4,Ditzingen,"{'type': 'Point', 'coordinates': [9.06705, 48.823611]}"
Doberlug-Kirchhain,8010079,4,Doberlug-Kirchhain,"{'type': 'Point', 'coordinates': [13.564241, 51.620576]}"
Donaueschingen,8000077,4,Donaueschingen,"{'type': 'Point', 'coordinates': [8.498919, 47.947786]}"
Donauwörth,8000078,4,Donauwörth,"{'type': 'Point', 'coordinates': [10.771443, 48.714026]}"
Dormagen,8001506,4,Dormagen,"{'type': 'Point', 'coordinates': [6.814837, 51.099495]}"
Dorsten,8006709,4,Dorsten,"{'type': 'Point', 'coordinates': [6.9705, 51.658274]}"
Dortmund Hbf,8000080,1,Dortmund,"{'type': 'Point', 'coordinates': [7.45929, 51.517896]}"
Dortmund Signal-Iduna-Park,8001522,4,Dortmund,"{'type': 'Point', 'coordinates': [7.457573, 51.490728]}"
Dortmund-Dorstfeld,8000081,3,Dortmund,"{'type': 'Point', 'coordinates': [7.424864, 51.509376]}"
Dortmund-Dorstfeld Süd,8004230,4,Dortmund,"{'type': 'Point', 'coordinates': [7.420017, 51.500632]}"
Dortmund-Hörde,8000961,4,Dortmund,"{'type': 'Point', 'coordinates': [7.500029, 51.487782]}"
Dortmund-Kley,8004269,4,Dortmund,"{'type': 'Point', 'coordinates': [7.365374, 51.489467]}"
Dortmund-Oespel,8004288,4,Dortmund,"{'type': 'Point', 'coordinates': [7.383811, 51.488397]}"
Dortmund-Universität,8004419,4,Dortmund,"{'type': 'Point', 'coordinates': [7.417708, 51.49274]}"
Dortmund-Westfalenhalle,8001522,4,Dortmund,"{'type': 'Point', 'coordinates': [7.457573, 51.490728]}"
Dreieich-Buchschlag,8001236,4,Dreieich,"{'type': 'Point', 'coordinates': [8.661204, 50.022113]}"
Dresden Hbf,8010085,1,Dresden,"{'type': 'Point', 'coordinates': [13.732035, 51.040563]}"
Dresden Mitte,8013444,4,Dresden,"{'type': 'Point', 'coordinates': [13.724109, 51.056168]}"
Dresden-Klotzsche,8010088,4,Dresden,"{'type': 'Point', 'coordinates': [13.78911, 51.114667]}"
Dresden-Neustadt,8010089,2,Dresden,"{'type': 'Point', 'coordinates': [13.740701, 51.065899]}"
Duisburg Hbf,8000086,1,Duisburg,"{'type': 'Point', 'coordinates': [6.775903, 51.429785]}"
Duisburg-Buchholz,8001600,4,Duisburg,"{'type': 'Point', 'coordinates': [6.775406, 51.382919]}"
Duisburg-Großenbaum,8001602,4,Duisburg,"{'type': 'Point', 'coordinates': [6.77747, 51.364774]}"
Duisburg-Meiderich Süd,8000367,4,Duisburg,"{'type': 'Point', 'coordinates': [6.780191, 51.468831]}"
Dülmen,8000083,4,Dülmen,"{'type': 'Point', 'coordinates': [7.295765, 51.827676]}"
Düren,8000084,3,Düren,"{'type': 'Point', 'coordinates': [6.482451, 50.809517]}"
Düsseldorf Flughafen,8000082,2,Düsseldorf,"{'type': 'Point', 'coordinates': [6.786836, 51.292009]}"
Düsseldorf Hbf,8000085,1,Düsseldorf,"{'type': 'Point', 'coordinates': [6.794319, 51.219962]}"
Düsseldorf Wehrhahn,8001582,4,Düsseldorf,"{'type': 'Point', 'coordinates': [6.798173, 51.228447]}"
Düsseldorf Zoo,8001583,4,Düsseldorf,"{'type': 'Point', 'coordinates': [6.796924, 51.236962]}"
Düsseldorf-Benrath,8001584,3,Düsseldorf,"{'type': 'Point', 'coordinates': [6.878931, 51.162293]}"
Düsseldorf-Bilk,8001585,4,Düsseldorf,"{'type': 'Point', 'coordinates': [6.775578, 51.207994]}"
Düsseldorf-Derendorf,8001586,4,Düsseldorf,"{'type': 'Point', 'coordinates': [6.794512, 51.247624]}"
Düsseldorf-Reisholz,8001594,4,Düsseldorf,"{'type': 'Point', 'coordinates': [6.860953, 51.180782]}"
Düsseldorf-Unterrath,8001595,4,Düsseldorf,"{'type': 'Point', 'coordinates': [6.788783, 51.276732]}"
Eberbach,8000369,3,Eberbach,"{'type': 'Point', 'coordinates': [8.984152, 49.465768]}"
Ebersbach (Fils),8001632,4,Ebersbach (Fils),"{'type': 'Point', 'coordinates': [9.526582, 48.71612]}"
Ebersberg (Oberbay),8001634,4,Ebersberg (Oberbay),"{'type': 'Point', 'coordinates': [11.970243, 48.07497]}"
Eberswalde Hbf,8010093,3,Eberswalde,"{'type': 'Point', 'coordinates': [13.797062, 52.834021]}"
Echterdingen,8001650,4,Echterdingen,"{'type': 'Point', 'coordinates': [9.169164, 48.692152]}"
Efringen-Kirchen,8001671,4,Efringen-Kirchen,"{'type': 'Point', 'coordinates': [7.563918, 47.655619]}"
Eglharting,8001682,4,Kirchseeon,"{'type': 'Point', 'coordinates': [11.864291, 48.082348]}"
Ehingen (Donau),8001684,4,Ehingen (Donau),"{'type': 'Point', 'coordinates': [9.72434, 48.285677]}"
Ehningen (b Böblingen),8001689,4,Ehningen ,"{'type': 'Point', 'coordinates': [8.94426, 48.662682]}"
Eichenberg,8000090,4,Neu-Eichenberg,"{'type': 'Point', 'coordinates': [9.921482, 51.374823]}"
Eichstätt Bahnhof,8001708,4,Eichstätt,"{'type': 'Point', 'coordinates': [11.16365, 48.869879]}"
Eidelstedt (S-Bahn),8002555,3,Hamburg,"{'type': 'Point', 'coordinates': [9.907097, 53.595887]}"
Eilenburg,8010095,4,Eilenburg,"{'type': 'Point', 'coordinates': [12.6370132, 51.4518507]}"
Eisenach,8010097,3,Eisenach,"{'type': 'Point', 'coordinates': [10.331986, 50.976922]}"
Eislingen (Fils),8001731,4,Eislingen (Fils),"{'type': 'Point', 'coordinates': [9.705147, 48.696494]}"
Elbgaustraße (S-Bahn),8001739,4,Hamburg,"{'type': 'Point', 'coordinates': [9.893738, 53.602575]}"
Elmshorn,8000092,3,Elmshorn,"{'type': 'Point', 'coordinates': [9.659408, 53.754025]}"
Elsterwerda,8010099,4,Elsterwerda,"{'type': 'Point', 'coordinates': [13.516428, 51.459677]}"
Elze (Han),8000093,4,Elze ,"{'type': 'Point', 'coordinates': [9.746894, 52.120147]}"
Emden Hbf,8001768,3,Emden,"{'type': 'Point', 'coordinates': [7.195176, 53.369036]}"
Emmendingen,8001771,4,Emmendingen,"{'type': 'Point', 'coordinates': [7.847511, 48.119454]}"
Emmerich,8001773,4,Emmerich,"{'type': 'Point', 'coordinates': [6.25648, 51.834175]}"
Emsdetten,8001782,4,Emsdetten,"{'type': 'Point', 'coordinates': [7.531528, 52.17675]}"
Endersbach,8001785,4,Weinstadt,"{'type': 'Point', 'coordinates': [9.370228, 48.813153]}"
Engen,8001790,4,Engen ,"{'type': 'Point', 'coordinates': [8.772786, 47.856347]}"
Erbach (Württ),8001820,4,Erbach (Württ),"{'type': 'Point', 'coordinates': [9.894833, 48.325902]}"
Erftstadt,8003671,4,Erftstadt,"{'type': 'Point', 'coordinates': [6.832955, 50.807093]}"
Erfurt Hbf,8010101,2,Erfurt,"{'type': 'Point', 'coordinates': [11.038499, 50.972551]}"
Erkelenz,8001839,4,Erkelenz,"{'type': 'Point', 'coordinates': [6.32172, 51.076564]}"
Erkner,8013477,3,Erkner,"{'type': 'Point', 'coordinates': [13.7522435, 52.4275606]}"
Erlangen,8001844,3,Erlangen,"{'type': 'Point', 'coordinates': [11.0016382, 49.5958303]}"
Erzhausen,8001864,4,Erzhausen,"{'type': 'Point', 'coordinates': [8.650807, 49.950731]}"
Erzingen (Baden),8001865,4,Klettgau,"{'type': 'Point', 'coordinates': [8.430123, 47.659541]}"
Eschhofen,8001883,4,Limburg a. d. Lahn,"{'type': 'Point', 'coordinates': [8.10492, 50.393586]}"
Eschweiler Hbf,8001886,4,Eschweiler,"{'type': 'Point', 'coordinates': [6.251937, 50.813532]}"
Essen Hbf,8000098,1,Essen,"{'type': 'Point', 'coordinates': [7.014793, 51.451355]}"
Essen Stadtwald,8001896,4,Essen,"{'type': 'Point', 'coordinates': [7.023296, 51.422853]}"
Essen West,8001898,4,Essen,"{'type': 'Point', 'coordinates': [6.979798, 51.454497]}"
Essen-Frohnhausen,8001906,4,Essen,"{'type': 'Point', 'coordinates': [6.965285, 51.455113]}"
Essen-Steele,8000099,4,Essen,"{'type': 'Point', 'coordinates': [7.075552, 51.450684]}"
Essen-Steele Ost,8001913,4,Essen,"{'type': 'Point', 'coordinates': [7.088561, 51.444201]}"
Esslingen (Neckar),8001920,3,Esslingen am Neckar,"{'type': 'Point', 'coordinates': [9.30008, 48.73881]}"
Esslingen-Mettingen,8001921,3,Esslingen am Neckar,"{'type': 'Point', 'coordinates': [9.27583, 48.747083]}"
Esslingen-Zell,8006642,4,Esslingen am Neckar,"{'type': 'Point', 'coordinates': [9.359389, 48.724328]}"
Esting,8001996,4,Esting,"{'type': 'Point', 'coordinates': [11.317322, 48.212196]}"
Etelsen,8001924,4,Langwedel,"{'type': 'Point', 'coordinates': [9.123745, 52.999203]}"
Euskirchen,8000100,3,Euskirchen,"{'type': 'Point', 'coordinates': [6.792193, 50.65776]}"
Eutingen im Gäu,8000101,4,Eutingen im Gäu,"{'type': 'Point', 'coordinates': [8.782236, 48.479952]}"
Evershagen,8011523,4,Rostock,"{'type': 'Point', 'coordinates': [12.068507, 54.123552]}"
Falkenberg (Elster),8010103,3,Falkenberg (Elster),"{'type': 'Point', 'coordinates': [13.247685, 51.58362]}"
Fellbach,8001974,3,Fellbach,"{'type': 'Point', 'coordinates': [9.269978, 48.820049]}"
Feucht,8001978,3,Feucht,"{'type': 'Point', 'coordinates': [11.204207, 49.381947]}"
Finnentrop,8000102,4,Finnentrop,"{'type': 'Point', 'coordinates': [7.964563, 51.173048]}"
Flensburg,8000103,3,Flensburg,"{'type': 'Point', 'coordinates': [9.436526, 54.774039]}"
Flöha,8010108,4,Flöha,"{'type': 'Point', 'coordinates': [13.075152, 50.854355]}"
Flörsheim (Main),8002013,4,Flörsheim (Main),"{'type': 'Point', 'coordinates': [8.431013, 50.017211]}"
Flughafen Köln/Bonn,8003330,3,Köln,"{'type': 'Point', 'coordinates': [7.119302, 50.878901]}"
Flughafen Leipzig/Halle,8012183,3,Schkeuditz,"{'type': 'Point', 'coordinates': [12.223426, 51.423338]}"
Flughafen München,8004168,4,Oberding,"{'type': 'Point', 'coordinates': [11.78597, 48.353728]}"
Flughafen München Besucherpark,8004167,4,Freising,"{'type': 'Point', 'coordinates': [11.764185, 48.352095]}"
Forchheim (Oberfr),8002024,4,Forchheim (Oberfr),"{'type': 'Point', 'coordinates': [11.069859, 49.71707]}"
Frankenthal Hbf,8000332,4,Frankenthal,"{'type': 'Point', 'coordinates': [8.349702, 49.535567]}"
Frankenthal-Süd,8002025,4,Frankenthal,"{'type': 'Point', 'coordinates': [8.349558, 49.522649]}"
Frankfurt (Main) Flughafen Regionalbahnhof,8070004,3,Frankfurt am Main,"{'type': 'Point', 'coordinates': [8.571251, 50.051219]}"
Frankfurt (Main) Galluswarte,8006690,4,Frankfurt am Main,"{'type': 'Point', 'coordinates': [8.64472, 50.10403]}"
Frankfurt (Main) Hauptwache,8006692,3,Frankfurt am Main,"{'type': 'Point', 'coordinates': [8.678947, 50.113926]}"
Frankfurt (Main) Hbf,8000105,1,Frankfurt am Main,"{'type': 'Point', 'coordinates': [8.663789, 50.107145]}"
Frankfurt (Main) Konstablerwache,8004429,3,Frankfurt am Main,"{'type': 'Point', 'coordinates': [8.687098, 50.114623]}"
Frankfurt (Main) Lokalbahnhof,8002038,4,Frankfurt am Main,"{'type': 'Point', 'coordinates': [8.693025, 50.102171]}"
Frankfurt (Main) Mühlberg,8002034,4,Frankfurt am Main,"{'type': 'Point', 'coordinates': [8.701504, 50.101609]}"
Frankfurt (Main) Niederrad,8002050,3,Frankfurt am Main,"{'type': 'Point', 'coordinates': [8.637075, 50.081283]}"
Frankfurt (Main) Ostendstraße,8002058,3,Frankfurt am Main,"{'type': 'Point', 'coordinates': [8.696987, 50.112562]}"
Frankfurt (Main) Sportfeld,8002040,3,Frankfurt am Main,"{'type': 'Point', 'coordinates': [8.633247, 50.068228]}"
Frankfurt (Main) Stresemannallee,8002059,4,Frankfurt am Main,"{'type': 'Point', 'coordinates': [8.671248, 50.094438]}"
Frankfurt (Main) Süd,8002041,2,Frankfurt am Main,"{'type': 'Point', 'coordinates': [8.686457, 50.099365]}"
Frankfurt (Main) Taunusanlage,8006691,3,Frankfurt am Main,"{'type': 'Point', 'coordinates': [8.668864, 50.113565]}"
Frankfurt (Main) West,8002042,3,Frankfurt am Main,"{'type': 'Point', 'coordinates': [8.639335, 50.118864]}"
Frankfurt (Oder),8010113,3,Frankfurt (Oder),"{'type': 'Point', 'coordinates': [14.546496, 52.336416]}"
Frankfurt am Main Flughafen Fernbahnhof,8070003,3,Frankfurt am Main,"{'type': 'Point', 'coordinates': [8.570185, 50.053167]}"
Frankfurt am Main Messe,8079632,4,Frankfurt am Main,"{'type': 'Point', 'coordinates': [8.643374, 50.112004]}"
Frankfurt am Main Stadion,8002040,3,Frankfurt am Main,"{'type': 'Point', 'coordinates': [8.633247, 50.068228]}"
Frankfurt-Frankfurter Berg,8002044,4,Frankfurt am Main,"{'type': 'Point', 'coordinates': [8.676551, 50.170266]}"
Frankfurt-Griesheim,8002046,4,Frankfurt am Main,"{'type': 'Point', 'coordinates': [8.606394, 50.094334]}"
Frankfurt-Höchst,8000106,3,Frankfurt am Main,"{'type': 'Point', 'coordinates': [8.54237, 50.102634]}"
Frankfurt-Louisa,8002047,4,Frankfurt am Main,"{'type': 'Point', 'coordinates': [8.670369, 50.083956]}"
Frankfurt-Rödelheim,8002052,3,Frankfurt am Main,"{'type': 'Point', 'coordinates': [8.607026, 50.124615]}"
Freiberg (Sachs),8010115,4,Freiberg ,"{'type': 'Point', 'coordinates': [13.344141, 50.908725]}"
Freiburg (Breisgau) Hbf,8000107,2,Freiburg,"{'type': 'Point', 'coordinates': [7.84117, 47.997697]}"
Freilassing,8000108,3,Freilassing,"{'type': 'Point', 'coordinates': [12.977193, 47.836916]}"
Freinsheim,8000374,4, Freinsheim,"{'type': 'Point', 'coordinates': [8.205192, 49.501493]}"
Freising,8002078,3,Freising,"{'type': 'Point', 'coordinates': [11.744539, 48.395195]}"
Freital-Deuben,8011569,4,Freital,"{'type': 'Point', 'coordinates': [13.646432, 50.999358]}"
Friedberg (Hess),8000111,3,Friedberg (Hessen),"{'type': 'Point', 'coordinates': [8.762056, 50.332606]}"
Friedenau,8089058,4,Berlin,"{'type': 'Point', 'coordinates': [13.341388, 52.470586]}"
Friedrichsberg (S-Bahn),8002106,4,Hamburg,"{'type': 'Point', 'coordinates': [10.057433, 53.576328]}"
Friedrichsdorf (Taunus),8002108,4,Friedrichsdorf (Taunus),"{'type': 'Point', 'coordinates': [8.644776, 50.25249]}"
Friedrichsfelde Ost,8089059,4,Berlin,"{'type': 'Point', 'coordinates': [13.520254, 52.514169]}"
Friedrichshafen Stadt,8000112,3,Friedrichshafen,"{'type': 'Point', 'coordinates': [9.4739, 47.653224]}"
Fröndenberg,8000113,4,Fröndenberg (Ruhr),"{'type': 'Point', 'coordinates': [7.762198, 51.471254]}"
Fulda,8000115,2,Fulda,"{'type': 'Point', 'coordinates': [9.683977, 50.554723]}"
Fürstenfeldbruck,8002141,4,Fürstenfeldbruck,"{'type': 'Point', 'coordinates': [11.262148, 48.171656]}"
Fürstenwalde (Spree),8010120,4,Fürstenwalde (Spree),"{'type': 'Point', 'coordinates': [14.05964, 52.366858]}"
Fürth (Bay) Hbf,8000114,2,Fürth,"{'type': 'Point', 'coordinates': [10.989988, 49.469707]}"
Garmisch-Partenkirchen,8002187,3,Garmisch-Partenkirchen,"{'type': 'Point', 'coordinates': [11.097013, 47.491452]}"
Gau Algesheim,8000375,4,Gau Algesheim,"{'type': 'Point', 'coordinates': [8.016065, 49.961432]}"
Gauting,8002198,4,Gauting,"{'type': 'Point', 'coordinates': [11.376146, 48.070658]}"
Geislingen (Steige),8002218,4,Geislingen (Steige),"{'type': 'Point', 'coordinates': [9.841941, 48.619358]}"
Geithain,8010122,4,Geithain,"{'type': 'Point', 'coordinates': [12.697455, 51.058217]}"
Gelnhausen,8000117,4,Gelnhausen,"{'type': 'Point', 'coordinates': [9.189278, 50.196343]}"
Gelsenkirchen Hbf,8000118,2,Gelsenkirchen,"{'type': 'Point', 'coordinates': [7.102455, 51.504903]}"
Geltendorf,8000119,3,Geltendorf,"{'type': 'Point', 'coordinates': [11.0374552, 48.1059912]}"
Gemünden (Main),8000120,4,Gemünden (Main),"{'type': 'Point', 'coordinates': [9.699894, 50.050018]}"
Gengenbach,8002235,4,Gengenbach,"{'type': 'Point', 'coordinates': [8.010192, 48.404659]}"
Genthin,8010123,4,Genthin,"{'type': 'Point', 'coordinates': [12.157103, 52.40322]}"
Georgensgmünd,8002237,4,Georgensgmünd,"{'type': 'Point', 'coordinates': [11.0161758, 49.1833514]}"
Gera Hbf,8010125,3,Gera,"{'type': 'Point', 'coordinates': [12.077092, 50.883421]}"
Germering-Unterpfaffenhofen,8006006,4,Germering,"{'type': 'Point', 'coordinates': [11.364023, 48.12887]}"
Gernlinden,8002247,4,Maisach,"{'type': 'Point', 'coordinates': [11.300378, 48.212765]}"
Gerolstein,8000123,4,Gerolstein,"{'type': 'Point', 'coordinates': [6.660372, 50.224006]}"
Gießen,8000124,2,Gießen,"{'type': 'Point', 'coordinates': [8.661462, 50.579059]}"
Gifhorn,8000185,4,Gifhorn,"{'type': 'Point', 'coordinates': [10.545284, 52.456155]}"
Gladbeck West,8000125,4,Gladbeck,"{'type': 'Point', 'coordinates': [6.976389, 51.574922]}"
Glauchau (Sachs),8010129,3,Glauchau ,"{'type': 'Point', 'coordinates': [12.548646, 50.828524]}"
Göppingen,8000127,3,Göppingen,"{'type': 'Point', 'coordinates': [9.651969, 48.700027]}"
Görlitz,8010131,3,Görlitz,"{'type': 'Point', 'coordinates': [14.97908, 51.146767]}"
Goslar,8000130,4,Goslar,"{'type': 'Point', 'coordinates': [10.421436, 51.911573]}"
Gößnitz,8010134,4,Gößnitz,"{'type': 'Point', 'coordinates': [12.429301, 50.8932]}"
Gotha,8010136,3,Gotha,"{'type': 'Point', 'coordinates': [10.712568, 50.93907]}"
Göttingen,8000128,2,Göttingen,"{'type': 'Point', 'coordinates': [9.926072, 51.536815]}"
Graben-Neudorf,8000131,3,Graben-Neudorf,"{'type': 'Point', 'coordinates': [8.49063, 49.161797]}"
Gräfelfing,8002339,4,Gräfelfing,"{'type': 'Point', 'coordinates': [11.425571, 48.119774]}"
Grafing Bahnhof,8002347,3,Grafing,"{'type': 'Point', 'coordinates': [11.940423, 48.043226]}"
Greifswald,8010139,4,Greifswald,"{'type': 'Point', 'coordinates': [13.370262, 54.092923]}"
Greifswalder Straße,8089011,4,Berlin,"{'type': 'Point', 'coordinates': [13.439561, 52.54002]}"
Greven,8002369,3,Greven,"{'type': 'Point', 'coordinates': [7.599341, 52.089829]}"
Grevenbroich,8000133,4,Grevenbroich,"{'type': 'Point', 'coordinates': [6.580447, 51.093701]}"
Griebnitzsee,8011695,4,Potsdam,"{'type': 'Point', 'coordinates': [13.1287265, 52.3944323]}"
Gröbenzell,8002377,4,Gröbenzell,"{'type': 'Point', 'coordinates': [11.374107, 48.194919]}"
Gronsdorf,8002383,4,Haar,"{'type': 'Point', 'coordinates': [11.698619, 48.118401]}"
Groß Gerau-Dornberg,8002386,3,Groß Gerau-Dornberg,"{'type': 'Point', 'coordinates': [8.494709, 49.912279]}"
Groß Karben,8002388,4,Karben,"{'type': 'Point', 'coordinates': [8.753528, 50.23184]}"
Großkorbetha,8010146,4,Großkorbetha,"{'type': 'Point', 'coordinates': [12.022171, 51.267318]}"
Gruiten,8000138,4,Haan-Gruiten,"{'type': 'Point', 'coordinates': [7.010546, 51.214559]}"
Grunbach,8002448,4,Remshalden,"{'type': 'Point', 'coordinates': [9.420029, 48.81036]}"
Grünstadt,8000137,4,Grünstadt,"{'type': 'Point', 'coordinates': [8.167962, 49.564384]}"
Günzburg,8000139,3,Günzburg,"{'type': 'Point', 'coordinates': [10.2792621, 48.4605626]}"
Gunzenhausen,8000385,4,Gunzenhausen,"{'type': 'Point', 'coordinates': [10.755463, 49.120444]}"
Güstrow,8010153,3,Güstrow,"{'type': 'Point', 'coordinates': [12.172836, 53.800597]}"
Gütersloh Hbf,8002461,3,Gütersloh,"{'type': 'Point', 'coordinates': [8.385071, 51.906941]}"
Haar,8002491,4,Haar b. München,"{'type': 'Point', 'coordinates': [11.73115, 48.111413]}"
Hackescher Markt,8089017,4,Berlin,"{'type': 'Point', 'coordinates': [13.402364, 52.522622]}"
Hagen Hbf,8000142,2,Hagen,"{'type': 'Point', 'coordinates': [7.460249, 51.362747]}"
Halberstadt,8010157,3,Halberstadt,"{'type': 'Point', 'coordinates': [11.073452, 51.899309]}"
Halle (Saale) Hbf,8010159,2,Halle ,"{'type': 'Point', 'coordinates': [11.987085, 51.477509]}"
Halle-Neustadt,8010160,4,Halle,"{'type': 'Point', 'coordinates': [11.920632, 51.480056]}"
Halstenbek (S-Bahn),8002545,4,Halstenbek,"{'type': 'Point', 'coordinates': [9.839092, 53.630377]}"
Haltern (Westf),8000145,4,Haltern am See,"{'type': 'Point', 'coordinates': [7.184366, 51.737668]}"
Haltern am See,8000145,4,Haltern am See,"{'type': 'Point', 'coordinates': [7.184366, 51.737668]}"
Hamburg Airport (Flughafen),8002547,4,Hamburg,"{'type': 'Point', 'coordinates': [10.006646, 53.63235]}"
Hamburg Dammtor,8002548,2,Hamburg,"{'type': 'Point', 'coordinates': [9.989566, 53.560751]}"
Hamburg Hbf,8002549,1,Hamburg,"{'type': 'Point', 'coordinates': [10.006909, 53.552736]}"
Hamburg-Altona,8002553,1,Hamburg,"{'type': 'Point', 'coordinates': [9.935175, 53.552695]}"
Hamburg-Bergedorf,8002554,3,Hamburg,"{'type': 'Point', 'coordinates': [10.206171, 53.489832]}"
Hamburg-Harburg,8000147,2,Hamburg,"{'type': 'Point', 'coordinates': [9.991701, 53.455908]}"
Hamburg-Neugraben,8002557,3,Hamburg,"{'type': 'Point', 'coordinates': [9.852048, 53.474143]}"
Hamburg-Rahlstedt,8002558,4,Hamburg,"{'type': 'Point', 'coordinates': [10.154396, 53.604857]}"
Hamburg-Tonndorf,8006197,4,Hamburg,"{'type': 'Point', 'coordinates': [10.12305, 53.586385]}"
Hamburg-Wandsbek,8002560,4,Hamburg-Marienthal,"{'type': 'Point', 'coordinates': [10.077224, 53.569971]}"
Hameln,8000148,3,Hameln,"{'type': 'Point', 'coordinates': [9.375906, 52.10185]}"
Hamm (Westf),8000149,2,Hamm ,"{'type': 'Point', 'coordinates': [7.807821, 51.678078]}"
Hammerbrook (S-Bahn),8004266,4,Hamburg,"{'type': 'Point', 'coordinates': [10.02361, 53.54661]}"
Hanau Hbf,8000150,2,Hanau,"{'type': 'Point', 'coordinates': [8.929, 50.120953]}"
Hannover–Ledeburg,8079097,4,Hannover,"{'type': 'Point', 'coordinates': [9.691117, 52.408787]}"
Hannover–Vinnhorst,8006089,4,Hannover,"{'type': 'Point', 'coordinates': [9.707729, 52.424043]}"
Hannover Bismarckstraße,8002580,4,Hannover,"{'type': 'Point', 'coordinates': [9.769728, 52.356456]}"
Hannover Hbf,8000152,1,Hannover,"{'type': 'Point', 'coordinates': [9.741021, 52.376761]}"
Hannover Karl-Wiechert-Allee,8070086,4,Hannover,"{'type': 'Point', 'coordinates': [9.808116, 52.374417]}"
Hannover-Flughafen,8002589,4,Langenhagen,"{'type': 'Point', 'coordinates': [9.699105, 52.458725]}"
Hannover-Linden,8002586,4,Hannover,"{'type': 'Point', 'coordinates': [9.723114, 52.352636]}"
Hannover-Messe / Laatzen,8003487,4,Laatzen,"{'type': 'Point', 'coordinates': [9.792863, 52.316899]}"
Hannover-Nordstadt,8079095,4,Hannover,"{'type': 'Point', 'coordinates': [9.717763, 52.393845]}"
Harburg Rathaus (S-Bahn),8004267,3,Hamburg,"{'type': 'Point', 'coordinates': [9.980463, 53.460694]}"
Hasselbrook (S-Bahn),8002628,4,Hamburg,"{'type': 'Point', 'coordinates': [10.056129, 53.564711]}"
Haßloch (Pfalz),8002632,4,Haßloch,"{'type': 'Point', 'coordinates': [8.253396, 49.371956]}"
Haste (Han),8002634,4,Haste,"{'type': 'Point', 'coordinates': [9.389097, 52.379656]}"
Hausach,8000333,4,Hausach,"{'type': 'Point', 'coordinates': [8.181665, 48.284924]}"
Heide (Holst),8000155,3,Heide,"{'type': 'Point', 'coordinates': [9.101029, 54.193563]}"
Heidelberg Hbf,8000156,2,Heidelberg,"{'type': 'Point', 'coordinates': [8.675442, 49.403567]}"
Heidelberg Karlstor,8002685,4,Heidelberg,"{'type': 'Point', 'coordinates': [8.720887, 49.415237]}"
Heidelberg-Altstadt,8002685,4,Heidelberg,"{'type': 'Point', 'coordinates': [8.720887, 49.415237]}"
Heidelberg-Kirchheim/Rohrbach,8002686,4,Heidelberg-Kirchheim,"{'type': 'Point', 'coordinates': [8.675383, 49.379389]}"
Heidelberg-Pfaffengrund/Wieblingen,8002687,4,Heidelberg-Wieblingen,"{'type': 'Point', 'coordinates': [8.64157, 49.411929]}"
Heidelberger Platz,8089112,4,Berlin,"{'type': 'Point', 'coordinates': [13.312018, 52.479972]}"
Heidenau,8010163,4,Heidenau,"{'type': 'Point', 'coordinates': [13.857887, 50.981859]}"
Heidenheim,8002689,4,Heidenheim,"{'type': 'Point', 'coordinates': [10.156642, 48.68017]}"
Heilbad Heiligenstadt,8011849,4,Heilbad Heiligenstadt ,"{'type': 'Point', 'coordinates': [10.1245183, 51.3773156]}"
Heilbronn Hbf,8000157,2,Heilbronn,"{'type': 'Point', 'coordinates': [9.207715, 49.143306]}"
Heiligensee,8089025,4,Berlin,"{'type': 'Point', 'coordinates': [13.229278, 52.624586]}"
Heimfeld (S-Bahn),8006749,4,Hamburg,"{'type': 'Point', 'coordinates': [9.963187, 53.465481]}"
Helmstedt,8000159,4,Helmstedt,"{'type': 'Point', 'coordinates': [11.010553, 52.222086]}"
Hennef (Sieg),8002753,4,Hennef (Sieg),"{'type': 'Point', 'coordinates': [7.284592, 50.773332]}"
Hennigsdorf (b Berlin),8013483,3,Hennigsdorf,"{'type': 'Point', 'coordinates': [13.2053357, 52.6382034]}"
Herborn (Dillkr),8000161,4,Herborn,"{'type': 'Point', 'coordinates': [8.30814, 50.684405]}"
Herford,8000162,2,Herford,"{'type': 'Point', 'coordinates': [8.663643, 52.119609]}"
Hermannstraße,8089105,4,Berlin,"{'type': 'Point', 'coordinates': [13.431313, 52.46751]}"
Herne,8000164,3,Herne,"{'type': 'Point', 'coordinates': [7.21783, 51.543652]}"
Herrenberg,8002785,3,Herrenberg,"{'type': 'Point', 'coordinates': [8.862662, 48.593991]}"
Hersbruck (rechts Pegnitz),8002794,4,Hersbruck,"{'type': 'Point', 'coordinates': [11.423826, 49.510073]}"
Herzogenrath,8002806,3,Herzogenrath,"{'type': 'Point', 'coordinates': [6.094486, 50.870916]}"
Hilden,8000388,4,Hilden ,"{'type': 'Point', 'coordinates': [6.922006, 51.16702]}"
Hildesheim Hbf,8000169,2,Hildesheim,"{'type': 'Point', 'coordinates': [9.953497, 52.160626]}"
Hirschhorn (Neckar),8002857,4,Hirschhorn (Neckar),"{'type': 'Point', 'coordinates': [8.896055, 49.442668]}"
Hochkamp (S-Bahn),8002873,4,Hamburg,"{'type': 'Point', 'coordinates': [9.842076, 53.56137]}"
Hochspeyer,8002875,4,Hochspeyer,"{'type': 'Point', 'coordinates': [7.904244, 49.443993]}"
Hockenheim,8002883,4,Hockenheim,"{'type': 'Point', 'coordinates': [8.537385, 49.317414]}"
Hof Hbf,8002924,3,Hof,"{'type': 'Point', 'coordinates': [11.923067, 50.307743]}"
Hofgeismar,8002933,4,Hofgeismar,"{'type': 'Point', 'coordinates': [9.395461, 51.499186]}"
Hofheim (Taunus),8002935,4,Hofheim (Taunus),"{'type': 'Point', 'coordinates': [8.443842, 50.084471]}"
Hoheneichen (S-Bahn),8002946,4,Hamburg,"{'type': 'Point', 'coordinates': [10.067648, 53.635478]}"
Hohenzollerndamm,8089108,4,Berlin,"{'type': 'Point', 'coordinates': [13.300257, 52.488556]}"
Holstenstraße (S-Bahn),8002550,4,Hamburg,"{'type': 'Point', 'coordinates': [9.949741, 53.561762]}"
Holzkirchen,8002980,3,Holzkirchen,"{'type': 'Point', 'coordinates': [11.697234, 47.884384]}"
Holzminden,8000391,4,Holzminden,"{'type': 'Point', 'coordinates': [9.453743, 51.820268]}"
Homburg (Saar) Hbf,8000176,3,Homburg (Saar),"{'type': 'Point', 'coordinates': [7.337035, 49.328082]}"
Hoppegarten (Mark),8080750,4,Hoppegarten,"{'type': 'Point', 'coordinates': [13.672956, 52.518122]}"
Horb,8000177,3,Horb,"{'type': 'Point', 'coordinates': [8.688982, 48.441471]}"
Horrem,8000178,3,Kerpen,"{'type': 'Point', 'coordinates': [6.713497, 50.916249]}"
Hückelhoven-Baal,8000677,4,Hückelhoven-Baal,"{'type': 'Point', 'coordinates': [6.274149, 51.033457]}"
Hude,8000522,4,Hude,"{'type': 'Point', 'coordinates': [8.460956, 53.109429]}"
Humboldthain,8089018,4,Berlin,"{'type': 'Point', 'coordinates': [13.379277, 52.544795]}"
Hürth-Kalscheuren,8003160,4,Hürth-Kalscheuren,"{'type': 'Point', 'coordinates': [6.910223, 50.875671]}"
Husum,8000181,3,Husum,"{'type': 'Point', 'coordinates': [9.055026, 54.472271]}"
Ibbenbüren,8003036,4,Ibbenbüren,"{'type': 'Point', 'coordinates': [7.721486, 52.276867]}"
Idar-Oberstein,8003040,4,Idar-Oberstein,"{'type': 'Point', 'coordinates': [7.32123, 49.699368]}"
Immendingen,8000182,4,Immendingen,"{'type': 'Point', 'coordinates': [8.729536, 47.936007]}"
Immenstadt,8003065,4,Immenstadt,"{'type': 'Point', 'coordinates': [10.213999, 47.559203]}"
Ingelheim,8003075,4,Ingelheim,"{'type': 'Point', 'coordinates': [8.053716, 49.976277]}"
Ingolstadt Hbf,8000183,2,Ingolstadt,"{'type': 'Point', 'coordinates': [11.437337, 48.744541]}"
Ingolstadt Nord,8003076,3,Ingolstadt,"{'type': 'Point', 'coordinates': [11.4322495, 48.7736902]}"
Innsbrucker Platz,8089106,4,Berlin,"{'type': 'Point', 'coordinates': [13.342197, 52.478084]}"
Ismaning,8003092,4,Ismaning,"{'type': 'Point', 'coordinates': [11.679489, 48.226012]}"
Itzehoe,8003102,3,Itzehoe,"{'type': 'Point', 'coordinates': [9.510287, 53.923873]}"
Jannowitzbrücke,8089019,4,Berlin,"{'type': 'Point', 'coordinates': [13.419347, 52.51427]}"
Jena Paradies,8011956,3,Jena,"{'type': 'Point', 'coordinates': [11.587461, 50.924856]}"
Jena West,8011957,3,Jena,"{'type': 'Point', 'coordinates': [11.577848, 50.923286]}"
Jena-Göschwitz,8010133,4,Jena,"{'type': 'Point', 'coordinates': [11.593537, 50.883942]}"
Jungfernheide,8011167,4,Berlin,"{'type': 'Point', 'coordinates': [13.299437, 52.530276]}"
Jungfernstieg (S-Bahn),8003137,4,Hamburg,"{'type': 'Point', 'coordinates': [9.993883, 53.552194]}"
Jüterbog,8010182,4,Jüterbog,"{'type': 'Point', 'coordinates': [13.054353, 51.997509]}"
Kahl (Main),8003143,4,Kahl (Main),"{'type': 'Point', 'coordinates': [9.005468, 50.07687]}"
Kaiserslautern Hbf,8000189,2,Kaiserslautern,"{'type': 'Point', 'coordinates': [7.768716, 49.436137]}"
Kamen,8003168,4,Kamen,"{'type': 'Point', 'coordinates': [7.661, 51.585224]}"
Karlsruhe Hbf,8000191,1,Karlsruhe,"{'type': 'Point', 'coordinates': [8.402181, 48.993515]}"
Karlsruhe-Durlach,8003184,3,Karlsruhe,"{'type': 'Point', 'coordinates': [8.462822, 49.002328]}"
Karlstadt (Main),8003189,4,Karlstadt (Main),"{'type': 'Point', 'coordinates': [9.768148, 49.962899]}"
Karthaus,8000402,4,Konz,"{'type': 'Point', 'coordinates': [6.596854, 49.71034]}"
Kassel Hbf,8000193,2,Kassel,"{'type': 'Point', 'coordinates': [9.489501, 51.31826]}"
Kassel-Wilhelmshöhe,8003200,2,Kassel,"{'type': 'Point', 'coordinates': [9.446898, 51.313114]}"
Kaufbeuren,8000194,4,Kaufbeuren,"{'type': 'Point', 'coordinates': [10.629496, 47.875432]}"
Kaufering,8000195,4,Kaufering,"{'type': 'Point', 'coordinates': [10.854595, 48.080835]}"
Kehl,8003218,4,Kehl,"{'type': 'Point', 'coordinates': [7.806556, 48.576658]}"
Keitum,8003222,4,Sylt/ OT Keitum,"{'type': 'Point', 'coordinates': [8.368969, 54.888814]}"
Kempten (Allgäu) Hbf,8000197,3,Kempten ,"{'type': 'Point', 'coordinates': [10.31761, 47.711745]}"
Kettwig,8000198,4,Essen,"{'type': 'Point', 'coordinates': [6.953747, 51.363375]}"
Kiefersfelden,8003249,4,Kiefersfelden,"{'type': 'Point', 'coordinates': [12.190473, 47.609907]}"
Kiel Hbf,8000199,2,Kiel,"{'type': 'Point', 'coordinates': [10.131976, 54.314985]}"
Kirchenlaibach,8000201,4,Speichersdorf,"{'type': 'Point', 'coordinates': [11.776325, 49.869904]}"
Kirchhain (Bz Kassel),8000435,4,Kirchhain,"{'type': 'Point', 'coordinates': [8.921399, 50.823779]}"
Kirchheim (Teck),8003280,4,Kirchheim unter Teck,"{'type': 'Point', 'coordinates': [9.443927, 48.644258]}"
Kirchseeon,8003290,4,Kirchseeon,"{'type': 'Point', 'coordinates': [11.887255, 48.0709]}"
Kirchweyhe,8003292,4,Weyhe,"{'type': 'Point', 'coordinates': [8.847236, 52.983765]}"
Kissing,8003299,4,Kissing,"{'type': 'Point', 'coordinates': [10.959553, 48.300922]}"
Klein Flottbek (S-Bahn),8003312,4,Hamburg,"{'type': 'Point', 'coordinates': [9.861122, 53.558169]}"
Koblenz Hbf,8000206,2,Koblenz,"{'type': 'Point', 'coordinates': [7.588345, 50.350929]}"
Koblenz Stadtmitte,8003341,4,Koblenz,"{'type': 'Point', 'coordinates': [7.589985, 50.357714]}"
Köln Frankfurter Straße,8003358,4,Köln,"{'type': 'Point', 'coordinates': [7.051262, 50.915219]}"
Köln Geldernstr/Parkgürtel,8003360,4,Köln,"{'type': 'Point', 'coordinates': [6.941413, 50.968551]}"
Köln Hansaring,8003392,4,Köln,"{'type': 'Point', 'coordinates': [6.952565, 50.949131]}"
Köln Hbf,8000207,1,Köln,"{'type': 'Point', 'coordinates': [6.958729, 50.94303]}"
Köln Steinstraße,8003379,4,Köln,"{'type': 'Point', 'coordinates': [7.057173, 50.895558]}"
Köln Süd,8003361,4,Köln,"{'type': 'Point', 'coordinates': [6.938059, 50.9273]}"
Köln Trimbornstrasse,8003320,4,Köln-Kalk,"{'type': 'Point', 'coordinates': [6.996734, 50.935857]}"
Köln West,8003363,4,Köln,"{'type': 'Point', 'coordinates': [6.934389, 50.943665]}"
Köln-Chorweiler,8003365,4,Köln,"{'type': 'Point', 'coordinates': [6.897824, 51.021126]}"
Köln-Chorweiler Nord,8003366,4,Köln,"{'type': 'Point', 'coordinates': [6.892772, 51.028126]}"
Köln-Dellbrück,8003367,4,Köln,"{'type': 'Point', 'coordinates': [7.070124, 50.981437]}"
Köln-Deutz,8003368,1,Köln,"{'type': 'Point', 'coordinates': [6.975001, 50.940874]}"
Köln-Ehrenfeld,8000208,3,Köln,"{'type': 'Point', 'coordinates': [6.917276, 50.951533]}"
Köln-Hansaring,8003392,4,Köln,"{'type': 'Point', 'coordinates': [6.952565, 50.949131]}"
Köln-Longerich,8003371,4,Köln,"{'type': 'Point', 'coordinates': [6.901557, 50.997736]}"
Köln-Mülheim,8000209,3,Köln-Mülheim,"{'type': 'Point', 'coordinates': [7.013295, 50.957986]}"
Köln-Trimbornstrasse,8003320,4,Köln-Kalk,"{'type': 'Point', 'coordinates': [6.996734, 50.935857]}"
Königs Wusterhausen,8010193,4,Königs Wusterhausen,"{'type': 'Point', 'coordinates': [13.631472, 52.296635]}"
Königslutter,8003382,4,Königslutter,"{'type': 'Point', 'coordinates': [10.812489, 52.257166]}"
Königstraße (S-Bahn),8006706,4,Hamburg,"{'type': 'Point', 'coordinates': [9.944088, 53.547796]}"
Königswinter,8003386,4,Königswinter,"{'type': 'Point', 'coordinates': [7.193592, 50.678638]}"
Konstanz,8003400,3,Konstanz,"{'type': 'Point', 'coordinates': [9.177312, 47.658754]}"
Korntal,8003409,4,Korntal,"{'type': 'Point', 'coordinates': [9.121168, 48.826416]}"
Kornwestheim Pbf,8003411,3,Kornwestheim,"{'type': 'Point', 'coordinates': [9.179964, 48.862219]}"
Köthen,8010195,3,Köthen,"{'type': 'Point', 'coordinates': [11.989358, 51.751929]}"
Krefeld Hbf,8000211,3,Krefeld,"{'type': 'Point', 'coordinates': [6.569885, 51.325717]}"
Krefeld-Oppum,8000212,4,Krefeld,"{'type': 'Point', 'coordinates': [6.61009, 51.329749]}"
Kreiensen,8000213,4,Kreiensen,"{'type': 'Point', 'coordinates': [9.967798, 51.851423]}"
Kreuztal,8000214,4,Kreuztal,"{'type': 'Point', 'coordinates': [7.991696, 50.956029]}"
Kriftel,8003442,4,Kriftel,"{'type': 'Point', 'coordinates': [8.475448, 50.08228]}"
Krupunder (S-Bahn),8003460,4,Halstenbek,"{'type': 'Point', 'coordinates': [9.867762, 53.615823]}"
Kulmbach,8003476,4,Kulmbach,"{'type': 'Point', 'coordinates': [11.451889, 50.109822]}"
Lahr (Schwarzw),8003494,4,Lahr ,"{'type': 'Point', 'coordinates': [7.834734, 48.340436]}"
Lambrecht (Pfalz),8003497,4,Lambrecht,"{'type': 'Point', 'coordinates': [8.074391, 49.373336]}"
Lampertheim,8003503,4,Lampertheim,"{'type': 'Point', 'coordinates': [8.478489, 49.598215]}"
Landau (Pfalz) Hbf,8000216,4,Landau,"{'type': 'Point', 'coordinates': [8.126204, 49.197741]}"
Landsberger Allee,8089020,4,Berlin,"{'type': 'Point', 'coordinates': [13.454567, 52.529593]}"
Landshut (Bay) Hbf,8000217,2,Landshut ,"{'type': 'Point', 'coordinates': [12.13593, 48.547492]}"
Landstuhl,8003515,3,Landstuhl,"{'type': 'Point', 'coordinates': [7.565931, 49.416287]}"
Landungsbrücken (S-Bahn),8003518,4,Hamburg,"{'type': 'Point', 'coordinates': [9.971281, 53.546132]}"
Landwehr (S-Bahn),8003519,4,Hamburg,"{'type': 'Point', 'coordinates': [10.038021, 53.561199]}"
Lang Göns,8003520,4,Langgöns,"{'type': 'Point', 'coordinates': [8.667091, 50.497939]}"
Langen (Hess),8003523,4,Langen,"{'type': 'Point', 'coordinates': [8.656787, 49.993612]}"
Langenfelde (S-Bahn),8003541,4,Hamburg,"{'type': 'Point', 'coordinates': [9.93092, 53.579692]}"
Langenhagen Pferdemarkt,8003542,4,Langenhagen,"{'type': 'Point', 'coordinates': [9.735882, 52.450993]}"
Langenhagen-Mitte,8003545,3,Langenhagen,"{'type': 'Point', 'coordinates': [9.725427, 52.440279]}"
Langenselbold,8003550,4,Langenselbold,"{'type': 'Point', 'coordinates': [9.057682, 50.162068]}"
Langwedel,8000586,4,Langwedel,"{'type': 'Point', 'coordinates': [9.194981, 52.977881]}"
Lauda,8000221,4,Lauda-Königshofen,"{'type': 'Point', 'coordinates': [9.709512, 49.565385]}"
Lauffen (Neckar),8003588,4,Lauffen (Neckar),"{'type': 'Point', 'coordinates': [9.146136, 49.076514]}"
Laupheim West,8003592,4,Laupheim,"{'type': 'Point', 'coordinates': [9.847854, 48.230008]}"
Leer (Ostfriesl),8000225,3,Leer,"{'type': 'Point', 'coordinates': [7.465283, 53.23165]}"
Lehrte,8000226,3,Lehrte,"{'type': 'Point', 'coordinates': [9.974599, 52.376722]}"
Leinefelde,8010203,3,Leinefelde,"{'type': 'Point', 'coordinates': [10.3287578, 51.3888361]}"
Leinfelden,8003622,4,Leinfelden-Echterdingen,"{'type': 'Point', 'coordinates': [9.142866, 48.696506]}"
Leipzig Hbf,8010205,1,Leipzig,"{'type': 'Point', 'coordinates': [12.3820639, 51.3454712]}"
Leipzig Messe,8012478,3,Leipzig,"{'type': 'Point', 'coordinates': [12.389278, 51.396145]}"
Leipzig Neue Messe,8012478,3,Leipzig,"{'type': 'Point', 'coordinates': [12.389278, 51.396145]}"
Leipzig-Gohlis,8012188,4,Leipzig,"{'type': 'Point', 'coordinates': [12.374533, 51.362861]}"
Leipzig-Möckern,8012193,4,Leipzig,"{'type': 'Point', 'coordinates': [12.352271, 51.364431]}"
Lennestadt-Altenhundem,8000532,4,Lennestadt,"{'type': 'Point', 'coordinates': [8.071517, 51.104132]}"
Leonberg,8003652,4,Leonberg,"{'type': 'Point', 'coordinates': [9.003853, 48.799646]}"
Letmathe,8000227,4,Iserlohn,"{'type': 'Point', 'coordinates': [7.618397, 51.362838]}"
Leverkusen Mitte,8006713,4,Leverkusen,"{'type': 'Point', 'coordinates': [6.991661, 51.031514]}"
Lichtenfels,8000228,3,Lichtenfels,"{'type': 'Point', 'coordinates': [11.059472, 50.146452]}"
Lichtenhagen,8012221,4,Rostock,"{'type': 'Point', 'coordinates': [12.070866, 54.152403]}"
Limburg (Lahn),8000229,3,Limburg,"{'type': 'Point', 'coordinates': [8.062342, 50.384119]}"
Limburg Süd,8003680,4,Limburg,"{'type': 'Point', 'coordinates': [8.096112, 50.382498]}"
Limburgerhof,8003687,4,Limburgerhof,"{'type': 'Point', 'coordinates': [8.390747, 49.424273]}"
Lindau Hbf,8000230,3,Lindau,"{'type': 'Point', 'coordinates': [9.680469, 47.544341]}"
Lindern,8003697,4,Geilenkirchen,"{'type': 'Point', 'coordinates': [6.207467, 50.996842]}"
Lingen (Ems),8003701,4,Lingen ,"{'type': 'Point', 'coordinates': [7.321731, 52.519867]}"
Linz (Rhein),8003708,4,Linz ,"{'type': 'Point', 'coordinates': [7.276032, 50.569335]}"
Lippstadt,8000571,4,Lippstadt,"{'type': 'Point', 'coordinates': [8.348785, 51.670687]}"
Löbau (Sachs),8010212,4,Löbau,"{'type': 'Point', 'coordinates': [14.671941, 51.099447]}"
Lochham,8003720,4,Gräfelfing,"{'type': 'Point', 'coordinates': [11.43089, 48.128247]}"
Löhne (Westf),8000233,4,Löhne,"{'type': 'Point', 'coordinates': [8.7135, 52.196653]}"
Lörrach,8003729,4,Lörrach,"{'type': 'Point', 'coordinates': [7.66542, 47.614053]}"
Lörrach Hbf,8003729,4,Lörrach,"{'type': 'Point', 'coordinates': [7.66542, 47.614053]}"
Lübben (Spreewald),8010217,4,Lübben,"{'type': 'Point', 'coordinates': [13.877182, 51.939737]}"
Lübbenau (Spreewald),8010220,4,Lübbenau ,"{'type': 'Point', 'coordinates': [13.9609, 51.862169]}"
Lübeck Hbf,8000237,2,Lübeck,"{'type': 'Point', 'coordinates': [10.669821, 53.867547]}"
Ludwigsburg,8000235,3,Ludwigsburg,"{'type': 'Point', 'coordinates': [9.18542, 48.891862]}"
Ludwigsfelde,8010215,4,Ludwigsfelde,"{'type': 'Point', 'coordinates': [13.267319, 52.298098]}"
Ludwigshafen (Rhein) Hbf,8000236,2,Ludwigshafen,"{'type': 'Point', 'coordinates': [8.433402, 49.477987]}"
Ludwigshafen (Rhein) Mitte,8003759,3,Ludwigshafen,"{'type': 'Point', 'coordinates': [8.452152, 49.479005]}"
Ludwigshafen-Oggersheim,8003766,4,Ludwigshafen,"{'type': 'Point', 'coordinates': [8.381523, 49.493188]}"
Ludwigslust,8010216,4,Ludwigslust,"{'type': 'Point', 'coordinates': [11.494491, 53.334671]}"
Lüneburg,8000238,2,Lüneburg,"{'type': 'Point', 'coordinates': [10.41989, 53.249656]}"
Lünen Hbf,8000239,4,Lünen,"{'type': 'Point', 'coordinates': [7.529485, 51.617129]}"
Lutherstadt Wittenberg,8010222,3,Lutherstadt Wittenberg,"{'type': 'Point', 'coordinates': [12.662285, 51.867811]}"
Magdeburg Hbf,8010224,2,Magdeburg,"{'type': 'Point', 'coordinates': [11.626891, 52.130349]}"
Magdeburg-Buckau,8013456,4,Magdeburg,"{'type': 'Point', 'coordinates': [11.63004, 52.109204]}"
Magdeburg-Neustadt,8010226,4,Magdeburg,"{'type': 'Point', 'coordinates': [11.641703, 52.148843]}"
Maintal Ost,8002877,4,Maintal,"{'type': 'Point', 'coordinates': [8.836714, 50.14234]}"
Mainz Hbf,8000240,2,Mainz,"{'type': 'Point', 'coordinates': [8.25872, 50.001117]}"
Mainz Römisches Theater,8003816,3,Mainz,"{'type': 'Point', 'coordinates': [8.277565, 49.993465]}"
Mainz Süd,8003816,3,Mainz,"{'type': 'Point', 'coordinates': [8.277565, 49.993465]}"
Mainz-Bischofsheim,8000241,4,Bischofsheim,"{'type': 'Point', 'coordinates': [8.35750043, 49.9932258]}"
Mainz-Gustavsburg,8003818,4,Ginsheim-Gustavsburg,"{'type': 'Point', 'coordinates': [8.314197, 49.994319]}"
Mainz-Kastel,8000615,4,Wiesbaden,"{'type': 'Point', 'coordinates': [8.283174, 50.00658]}"
Maisach,8003824,4,Maisach,"{'type': 'Point', 'coordinates': [11.256393, 48.214147]}"
Mammendorf-Nannhofen,8004204,4,Mammendorf,"{'type': 'Point', 'coordinates': [11.174618, 48.216826]}"
Mannheim Hbf,8000244,2,Mannheim,"{'type': 'Point', 'coordinates': [8.468921, 49.479354]}"
Mannheim-Friedrichsfeld,8000631,4,Mannheim,"{'type': 'Point', 'coordinates': [8.580125, 49.44867]}"
Mannheim-Friedrichsfeld Süd,8003842,4,Mannheim,"{'type': 'Point', 'coordinates': [8.572382, 49.438144]}"
Mannheim-Neckarau,8003844,4,Mannheim,"{'type': 'Point', 'coordinates': [8.494792, 49.455545]}"
Mannheim-Seckenheim,8003847,4,Mannheim,"{'type': 'Point', 'coordinates': [8.538107, 49.450962]}"
Mannheim-Waldhof,8003848,4,Mannheim,"{'type': 'Point', 'coordinates': [8.482603, 49.525661]}"
Marbach (Neckar),8003853,4,Marbach am Neckar,"{'type': 'Point', 'coordinates': [9.264452, 48.943685]}"
Marburg (Lahn),8000337,2,Marburg,"{'type': 'Point', 'coordinates': [8.775014, 50.819272]}"
Markt Schwaben,8003879,3,Markt Schwaben,"{'type': 'Point', 'coordinates': [11.862093, 48.193606]}"
Marktredwitz,8000247,3,Marktredwitz,"{'type': 'Point', 'coordinates': [12.082583, 50.004596]}"
Meckenbeuren,8003930,4,Meckenbeuren,"{'type': 'Point', 'coordinates': [9.558393, 47.69976]}"
Meckesheim,8003932,4,Meckesheim,"{'type': 'Point', 'coordinates': [8.812836, 49.320658]}"
Meiningen,8010230,4,Meiningen,"{'type': 'Point', 'coordinates': [10.421205, 50.57407]}"
Melle,8003956,4,Melle,"{'type': 'Point', 'coordinates': [8.343221, 52.209257]}"
Memmingen,8000249,3,Memmingen,"{'type': 'Point', 'coordinates': [10.186853, 47.985581]}"
Mering,8003982,3,Mering,"{'type': 'Point', 'coordinates': [10.988291, 48.262698]}"
Mering-St Afra,8004008,4,Mering,"{'type': 'Point', 'coordinates': [10.971202, 48.274282]}"
Merseburg,8010232,4,Merseburg,"{'type': 'Point', 'coordinates': [11.990551, 51.356889]}"
Merzig (Saar),8003992,4,Merzig (Saar),"{'type': 'Point', 'coordinates': [6.634192, 49.436419]}"
Meschede,8003993,4,Meschede,"{'type': 'Point', 'coordinates': [8.279053, 51.349603]}"
Messe Nord / ICC (Witzleben),8089110,4,Berlin,"{'type': 'Point', 'coordinates': [13.283445, 52.507525]}"
Metzingen,8004009,4,Metzingen,"{'type': 'Point', 'coordinates': [9.290156, 48.539725]}"
Mexikoplatz,8089023,4,Berlin,"{'type': 'Point', 'coordinates': [13.232712, 52.436937]}"
Michendorf,8010233,4,Michendorf,"{'type': 'Point', 'coordinates': [13.030688, 52.316344]}"
Mindelheim,8000338,4,Mindelheim,"{'type': 'Point', 'coordinates': [10.501626, 48.044917]}"
Minden (Westf),8000252,3,Minden,"{'type': 'Point', 'coordinates': [8.934728, 52.290138]}"
Mittenwald,8004043,4,Mittenwald,"{'type': 'Point', 'coordinates': [11.265705, 47.44003]}"
Mittlerer Landweg (S-Bahn),8004048,4,Hamburg,"{'type': 'Point', 'coordinates': [10.131122, 53.498172]}"
Mönchengladbach Hbf,8000253,2,Mönchengladbach,"{'type': 'Point', 'coordinates': [6.446111, 51.196583]}"
Montabaur,8000667,4,Montabaur,"{'type': 'Point', 'coordinates': [7.825333, 50.444834]}"
Moosburg,8004084,4,Moosburg,"{'type': 'Point', 'coordinates': [11.930382, 48.47033]}"
Mörfelden,8004065,4,Mörfelden - Walldorf,"{'type': 'Point', 'coordinates': [8.565384, 49.979]}"
Mosbach-Neckarelz,8000264,3,Mosbach-Neckarelz,"{'type': 'Point', 'coordinates': [9.113093, 49.348484]}"
Mühlacker,8000339,4,Mühlacker,"{'type': 'Point', 'coordinates': [8.846101, 48.953192]}"
Mühlhausen (Thür),8010235,4,Mühlhausen / Thüringen,"{'type': 'Point', 'coordinates': [10.474041, 51.209193]}"
Mühlheim (Main),8004112,4,Mühlheim (Main),"{'type': 'Point', 'coordinates': [8.837646, 50.119277]}"
Mülheim (Ruhr) Hbf,8000259,3,Mülheim an der Ruhr,"{'type': 'Point', 'coordinates': [6.88651, 51.431342]}"
Mülheim (Ruhr)-Styrum,8000687,3,Mülheim an der Ruhr,"{'type': 'Point', 'coordinates': [6.852636, 51.449203]}"
Müllheim (Baden),8004124,4,Müllheim ,"{'type': 'Point', 'coordinates': [7.599332, 47.809743]}"
München Donnersbergerbrücke,8004128,3,München,"{'type': 'Point', 'coordinates': [11.536537, 48.142623]}"
München Harras,8004130,4,München,"{'type': 'Point', 'coordinates': [11.536311, 48.117747]}"
München Hbf tief,8000261,1,München,"{'type': 'Point', 'coordinates': [11.558335, 48.140232]}"
München Hbf,8000261,1,München,"{'type': 'Point', 'coordinates': [11.558335, 48.140232]}"
München Heimeranplatz,8005419,4,München,"{'type': 'Point', 'coordinates': [11.5315, 48.132961]}"
München Isartor,8004131,4,München,"{'type': 'Point', 'coordinates': [11.583234, 48.134202]}"
München Karlsplatz,8004132,3,München,"{'type': 'Point', 'coordinates': [11.565619, 48.139452]}"
München Leuchtenbergring,8004134,4,München,"{'type': 'Point', 'coordinates': [11.615986, 48.13425]}"
München Marienplatz,8004135,3,München,"{'type': 'Point', 'coordinates': [11.575386, 48.137048]}"
München Ost,8000262,1,München,"{'type': 'Point', 'coordinates': [11.604971, 48.12744]}"
München Rosenheimer Platz,8004136,3,München,"{'type': 'Point', 'coordinates': [11.593049, 48.129168]}"
München Siemenswerke,8004137,4,München,"{'type': 'Point', 'coordinates': [11.532799, 48.094503]}"
München-Allach,8004140,4,München,"{'type': 'Point', 'coordinates': [11.468036, 48.189932]}"
München-Berg am Laim,8004142,4,München,"{'type': 'Point', 'coordinates': [11.633295, 48.134001]}"
München-Freiham,8004181,4,München,"{'type': 'Point', 'coordinates': [11.410112, 48.14]}"
München-Giesing,8004148,3,München,"{'type': 'Point', 'coordinates': [11.596346, 48.110803]}"
München-Hackerbrücke,8004129,3,München,"{'type': 'Point', 'coordinates': [11.548572, 48.141969]}"
München-Hirschgarten,8004179,3,München,"{'type': 'Point', 'coordinates': [11.519245, 48.14354]}"
München-Karlsfeld,8004150,4,München,"{'type': 'Point', 'coordinates': [11.459568, 48.211179]}"
München-Laim Pbf,8004151,3,München,"{'type': 'Point', 'coordinates': [11.503669, 48.144371]}"
München-Langwied,8004152,4,München,"{'type': 'Point', 'coordinates': [11.432508, 48.163112]}"
München-Mittersendling,8004154,4,München,"{'type': 'Point', 'coordinates': [11.536354, 48.107824]}"
München-Moosach,8004155,4,München,"{'type': 'Point', 'coordinates': [11.506237, 48.180258]}"
München-Obermenzing,8004157,4,München,"{'type': 'Point', 'coordinates': [11.478117, 48.164223]}"
München-Pasing,8004158,2,München,"{'type': 'Point', 'coordinates': [11.461872, 48.149852]}"
München-Riem Pbf,8004160,4,München,"{'type': 'Point', 'coordinates': [11.678049, 48.143983]}"
München-Untermenzing,8004139,4,München,"{'type': 'Point', 'coordinates': [11.472792, 48.177673]}"
München-Westkreuz,8004163,4,München,"{'type': 'Point', 'coordinates': [11.44394, 48.149026]}"
Münster (Westf) Hbf,8000263,2,Münster,"{'type': 'Point', 'coordinates': [7.635715, 51.956566]}"
Murnau,8004185,4,Murnau,"{'type': 'Point', 'coordinates': [11.192628, 47.682266]}"
Nauen,8010239,3,Nauen,"{'type': 'Point', 'coordinates': [12.885559, 52.612696]}"
Naumburg (Saale) Hbf,8010240,3,Naumburg ,"{'type': 'Point', 'coordinates': [11.796984, 51.163071]}"
Neckarelz,8000264,3,Mosbach-Neckarelz,"{'type': 'Point', 'coordinates': [9.113093, 49.348484]}"
Neckargemünd,8000265,3,Neckargemünd,"{'type': 'Point', 'coordinates': [8.788425, 49.393678]}"
Neckarsteinach,8004219,4,Neckarsteinach,"{'type': 'Point', 'coordinates': [8.841429, 49.404909]}"
Neckarsulm,8004220,3,Neckarsulm,"{'type': 'Point', 'coordinates': [9.220068, 49.188973]}"
Nettelnburg (S-Bahn),8004241,4,Hamburg,"{'type': 'Point', 'coordinates': [10.181408, 53.487888]}"
Neu Isenburg,8004246,4,Neu Isenburg,"{'type': 'Point', 'coordinates': [8.665609, 50.053052]}"
Neu Ulm,8006730,4,Neu Ulm,"{'type': 'Point', 'coordinates': [10.004823, 48.393039]}"
Neubeckum,8004251,4,Beckum,"{'type': 'Point', 'coordinates': [8.02136, 51.801951]}"
Neubiberg,8004252,4,Neubiberg,"{'type': 'Point', 'coordinates': [11.660222, 48.075847]}"
Neubrandenburg,8010241,3,Neubrandenburg,"{'type': 'Point', 'coordinates': [13.261465, 53.561831]}"
Neubrücke (Nahe),8004253,4,Hoppstädten-Weiersbach,"{'type': 'Point', 'coordinates': [7.172701, 49.606066]}"
Neudietendorf,8010242,4,Neudietendorf,"{'type': 'Point', 'coordinates': [10.909685, 50.913898]}"
Neuenmarkt-Wirsberg,8000267,4,Neuenmarkt,"{'type': 'Point', 'coordinates': [11.581061, 50.093676]}"
Neufahrn (b Freising),8004279,4,Neufahrn,"{'type': 'Point', 'coordinates': [11.661261, 48.321636]}"
Neuhaus (Pegnitz),8004284,4,Neuhaus (Pegnitz),"{'type': 'Point', 'coordinates': [11.551709, 49.626653]}"
Neukieritzsch,8010243,4,Neukieritzsch,"{'type': 'Point', 'coordinates': [12.412836, 51.150774]}"
Neumarkt (Oberpf),8004305,3,Neumarkt (Oberpf),"{'type': 'Point', 'coordinates': [11.456987, 49.273221]}"
Neumünster,8000271,2,Neumünster,"{'type': 'Point', 'coordinates': [9.979816, 54.075752]}"
Neunkirchen (Saar) Hbf,8000272,3,Neunkirchen (Saar),"{'type': 'Point', 'coordinates': [7.176655, 49.353291]}"
Neuss Hbf,8000274,2,Neuss,"{'type': 'Point', 'coordinates': [6.684527, 51.204351]}"
Neustadt (Aisch) Bahnhof,8004323,4,Neustadt (Aisch),"{'type': 'Point', 'coordinates': [10.588032, 49.576876]}"
Neustadt (Weinstr) Böbig,8004489,4,Neustadt ,"{'type': 'Point', 'coordinates': [8.158313, 49.354245]}"
Neustadt (Weinstr) Hbf,8000275,2,Neustadt ,"{'type': 'Point', 'coordinates': [8.140757, 49.349553]}"
Neustadt a Rübenberge,8004322,4,Neustadt a Rübenberge,"{'type': 'Point', 'coordinates': [9.455277, 52.503325]}"
Neustrelitz Hbf,8010250,4,Neustrelitz,"{'type': 'Point', 'coordinates': [13.074603, 53.359255]}"
Neuwied,8000276,3,Neuwied,"{'type': 'Point', 'coordinates': [7.473132, 50.431466]}"
Neuwiedenthal (S-Bahn),8006750,4,Hamburg,"{'type': 'Point', 'coordinates': [9.877434, 53.473059]}"
Neuwirtshaus-Porscheplatz,8004338,4,Stuttgart,"{'type': 'Point', 'coordinates': [9.152505, 48.833824]}"
Nidda,8000277,4,Nidda,"{'type': 'Point', 'coordinates': [8.998881, 50.411449]}"
Niebüll,8004343,3,Niebüll,"{'type': 'Point', 'coordinates': [8.834572, 54.789605]}"
Niederlahnstein,8000278,4,Lahnstein,"{'type': 'Point', 'coordinates': [7.599503, 50.31639]}"
Niedernhausen (Taunus),8004400,4,Niedernhausen,"{'type': 'Point', 'coordinates': [8.312879, 50.159697]}"
Nienburg (Weser),8000279,3,Nienburg  ,"{'type': 'Point', 'coordinates': [9.217753, 52.645566]}"
Nikolassee,8089078,4,Berlin,"{'type': 'Point', 'coordinates': [13.193643, 52.431807]}"
Norddeich Mole,8007768,4,Norden,"{'type': 'Point', 'coordinates': [7.158806, 53.624315]}"
Nordhausen,8010256,3,Nordhausen,"{'type': 'Point', 'coordinates': [10.789249, 51.49292]}"
Northeim (Han),8000283,3,Northeim ,"{'type': 'Point', 'coordinates': [9.986618, 51.703139]}"
Nottuln-Appelhülsen,8000595,4,Nottuln-Appelhülsen,"{'type': 'Point', 'coordinates': [7.426334, 51.892139]}"
Nürnberg Hbf,8000284,1,Nürnberg,"{'type': 'Point', 'coordinates': [11.082989, 49.445616]}"
Nürnberg-Frankenstadion,8004493,4,Nürnberg,"{'type': 'Point', 'coordinates': [11.130044, 49.430795]}"
Nürtingen,8004488,3,Nürtingen,"{'type': 'Point', 'coordinates': [9.342648, 48.627997]}"
Oberesslingen,8004528,4,Esslingen am Neckar,"{'type': 'Point', 'coordinates': [9.327267, 48.729876]}"
Oberhausen Hbf,8000286,2,Oberhausen,"{'type': 'Point', 'coordinates': [6.851588, 51.474878]}"
Oberschleißheim,8004580,4,Oberschleißheim,"{'type': 'Point', 'coordinates': [11.55783, 48.257226]}"
Oberstdorf,8004585,3,Oberstdorf,"{'type': 'Point', 'coordinates': [10.278097, 47.411032]}"
Oberursel (Taunus),8004596,4,Oberursel (Taunus),"{'type': 'Point', 'coordinates': [8.589409, 50.199423]}"
Oelde,8004626,4,Oelde,"{'type': 'Point', 'coordinates': [8.142599, 51.829112]}"
Offenbach (Main) Hbf,8000349,4,Offenbach (Main),"{'type': 'Point', 'coordinates': [8.760743, 50.099264]}"
Offenbach (Main) Ost,8004645,3,Offenbach (Main),"{'type': 'Point', 'coordinates': [8.784375, 50.102765]}"
Offenbach Ledermuseum,8070091,4,Offenbach (Main),"{'type': 'Point', 'coordinates': [8.750485, 50.105989]}"
Offenbach Marktplatz,8070090,4,Offenbach (Main),"{'type': 'Point', 'coordinates': [8.763633, 50.105855]}"
Offenbach-Kaiserlei,8070092,4,Offenbach (Main),"{'type': 'Point', 'coordinates': [8.738377, 50.105332]}"
Offenburg,8000290,2,Offenburg,"{'type': 'Point', 'coordinates': [7.946723, 48.476475]}"
Oftersheim,8004658,4,Oftersheim,"{'type': 'Point', 'coordinates': [8.579013, 49.373505]}"
Ohlsdorf (S-Bahn),8004661,4,Hamburg,"{'type': 'Point', 'coordinates': [10.031968, 53.620873]}"
Olching,8004667,4,Olching,"{'type': 'Point', 'coordinates': [11.335602, 48.209995]}"
Oldenburg (Oldb) Hbf,8000291,2,Oldenburg (Oldb),"{'type': 'Point', 'coordinates': [8.222713, 53.144323]}"
Olympiastadion,8089330,3,Berlin,"{'type': 'Point', 'coordinates': [13.242389, 52.511166]}"
Opladen,8000853,4,Leverkusen,"{'type': 'Point', 'coordinates': [7.008775, 51.066175]}"
Oranienburg,8013487,3,Oranienburg,"{'type': 'Point', 'coordinates': [13.249613, 52.753653]}"
Oranienburger Straße,8089027,4,Berlin,"{'type': 'Point', 'coordinates': [13.393052, 52.52521]}"
Osnabrück Altstadt,8004689,4,Osnabrück,"{'type': 'Point', 'coordinates': [8.045902, 52.280935]}"
Osnabrück Hasetor,8004689,4,Osnabrück,"{'type': 'Point', 'coordinates': [8.045902, 52.280935]}"
Osnabrück Hbf,8000294,2,Osnabrück,"{'type': 'Point', 'coordinates': [8.061781, 52.272851]}"
Osterburken,8000295,4,Osterburken,"{'type': 'Point', 'coordinates': [9.422692, 49.429657]}"
Osterholz-Scharmbeck,8004702,4,Osterholz-Scharmbeck,"{'type': 'Point', 'coordinates': [8.797434, 53.222776]}"
Osthofen,8004714,4,Osthofen,"{'type': 'Point', 'coordinates': [8.325988, 49.705423]}"
Ostkreuz,8011162,3,Berlin,"{'type': 'Point', 'coordinates': [13.469105, 52.503037]}"
Ostseebad Binz,8011191,3,Binz,"{'type': 'Point', 'coordinates': [13.600507, 54.404819]}"
Othmarschen (S-Bahn),8004719,4,Hamburg,"{'type': 'Point', 'coordinates': [9.885967, 53.559233]}"
Ötigheim,8004636,4,Ötigheim,"{'type': 'Point', 'coordinates': [8.240582, 48.888526]}"
Paderborn Hbf,8000297,2,Paderborn,"{'type': 'Point', 'coordinates': [8.740505, 51.712979]}"
Papenburg (Ems),8004751,4,Papenburg ,"{'type': 'Point', 'coordinates': [7.386708, 53.089706]}"
Papestraße,8011113,1,Berlin,"{'type': 'Point', 'coordinates': [13.365319, 52.475047]}"
Parsberg,8004755,4,Parsberg,"{'type': 'Point', 'coordinates': [11.723355, 49.164355]}"
Pasewalk,8010268,4,Pasewalk,"{'type': 'Point', 'coordinates': [13.988875, 53.515353]}"
Passau Hbf,8000298,3,Passau,"{'type': 'Point', 'coordinates': [13.450776, 48.573632]}"
Pegnitz,8004759,4,Pegnitz,"{'type': 'Point', 'coordinates': [11.5475965, 49.7587084]}"
Petershausen (Oberbay),8004775,3,Petershausen (Oberbay),"{'type': 'Point', 'coordinates': [11.469881, 48.41345]}"
Pforzheim Hbf,8000299,2,Pforzheim,"{'type': 'Point', 'coordinates': [8.703099, 48.894152]}"
Pinneberg,8004819,3,Pinneberg,"{'type': 'Point', 'coordinates': [9.797608, 53.655179]}"
Pirmasens Nord,8000876,4,Thaleischweiler-Fröschen,"{'type': 'Point', 'coordinates': [7.604401, 49.259218]}"
Pirna,8010272,4,Pirna,"{'type': 'Point', 'coordinates': [13.928881, 50.962623]}"
Planegg (Krailling),8004827,4,Planegg,"{'type': 'Point', 'coordinates': [11.413556, 48.105303]}"
Plänterwald,8089030,4,Berlin,"{'type': 'Point', 'coordinates': [13.473126, 52.478542]}"
Plattling,8000301,3,Plattling,"{'type': 'Point', 'coordinates': [12.86394, 48.779619]}"
Plauen (Vogtl) ob Bf,8010275,3,Plauen ,"{'type': 'Point', 'coordinates': [12.129419, 50.506163]}"
Pleinfeld,8004835,4,Pleinfeld,"{'type': 'Point', 'coordinates': [10.9771657, 49.1061083]}"
Plettenberg,8004838,4,Plettenberg,"{'type': 'Point', 'coordinates': [7.868913, 51.23193]}"
Plochingen,8000302,2,Plochingen,"{'type': 'Point', 'coordinates': [9.41081, 48.71308]}"
Plüderhausen,8004842,4,Plüderhausen,"{'type': 'Point', 'coordinates': [9.595853, 48.796684]}"
Porta Westfalica,8004868,4,Porta Westfalica,"{'type': 'Point', 'coordinates': [8.920253, 52.243423]}"
Porz (Rhein),8004869,4,Köln,"{'type': 'Point', 'coordinates': [7.064724, 50.882907]}"
Porz-Wahn,8004873,4,Köln,"{'type': 'Point', 'coordinates': [7.079266, 50.858133]}"
Possenhofen,8004874,4,Pöcking,"{'type': 'Point', 'coordinates': [11.306475, 47.96196]}"
Potsdam Charlottenhof,8010280,4,Potsdam,"{'type': 'Point', 'coordinates': [13.036496, 52.3928]}"
Potsdam Hbf,8012666,2,Potsdam,"{'type': 'Point', 'coordinates': [13.0667031, 52.391509]}"
Potsdam Park Sanssouci,8010377,3,Potsdam,"{'type': 'Point', 'coordinates': [13.014512, 52.394108]}"
Potsdamer Platz,8011118,2,Berlin,"{'type': 'Point', 'coordinates': [13.375988, 52.509379]}"
Prenzlau,8010282,4,Prenzlau,"{'type': 'Point', 'coordinates': [13.866532, 53.321608]}"
Prenzlauer Allee,8089033,4,Berlin,"{'type': 'Point', 'coordinates': [13.426412, 52.544615]}"
Prien a Chiemsee,8004885,4,Prien am Chiemsee,"{'type': 'Point', 'coordinates': [12.346615, 47.855513]}"
Priesterweg,8089034,4,Berlin,"{'type': 'Point', 'coordinates': [13.356281, 52.459914]}"
Puchheim,8004893,4,Puchheim,"{'type': 'Point', 'coordinates': [11.353061, 48.172179]}"
Radeberg,8012699,4,Radeberg,"{'type': 'Point', 'coordinates': [13.912539, 51.111752]}"
Radolfzell,8000880,4,Radolfzell ,"{'type': 'Point', 'coordinates': [8.968984, 47.735873]}"
Rastatt,8000306,4,Rastatt,"{'type': 'Point', 'coordinates': [8.215623, 48.860483]}"
Rathaus Steglitz,8089036,4,Berlin,"{'type': 'Point', 'coordinates': [13.322948, 52.455833]}"
Rathenow,8010296,4,Rathenow,"{'type': 'Point', 'coordinates': [12.35484, 52.59964]}"
Raubling,8004955,4,Raubling,"{'type': 'Point', 'coordinates': [12.110149, 47.788506]}"
Raunheim,8004962,4,Raunheim,"{'type': 'Point', 'coordinates': [8.454498, 50.009688]}"
Ravensburg,8004965,4,Ravensburg,"{'type': 'Point', 'coordinates': [9.6061, 47.784481]}"
Recklinghausen Hbf,8000307,3,Recklinghausen,"{'type': 'Point', 'coordinates': [7.20349, 51.616359]}"
Reeperbahn (S-Bahn),8006705,4,Hamburg,"{'type': 'Point', 'coordinates': [9.957668, 53.549668]}"
Regensburg Hbf,8000309,2,Regensburg,"{'type': 'Point', 'coordinates': [12.099617, 49.011672]}"
Reichenbach (Vogtl) ob Bf,8012739,4,Reichenbach ,"{'type': 'Point', 'coordinates': [12.29312, 50.627777]}"
Remagen,8000310,3,Remagen,"{'type': 'Point', 'coordinates': [7.229779, 50.577215]}"
Rendsburg,8000312,4,Rendsburg,"{'type': 'Point', 'coordinates': [9.671134, 54.302262]}"
Renningen,8000313,4,Renningen,"{'type': 'Point', 'coordinates': [8.93235, 48.775121]}"
Reutlingen Hbf,8000314,3,Reutlingen,"{'type': 'Point', 'coordinates': [9.209116, 48.496079]}"
Rheda-Wiedenbrück,8000315,4,Rheda -Wiedenbrück,"{'type': 'Point', 'coordinates': [8.28665, 51.857023]}"
Rheine,8000316,3,Rheine,"{'type': 'Point', 'coordinates': [7.434255, 52.276299]}"
Rheinfelden (Baden),8005064,4,Rheinfelden           ,"{'type': 'Point', 'coordinates': [7.784209, 47.556923]}"
Rheinhausen,8000317,4,Duisburg,"{'type': 'Point', 'coordinates': [6.706484, 51.393507]}"
Rheydt Hbf,8000318,4,Mönchengladbach,"{'type': 'Point', 'coordinates': [6.439564, 51.163027]}"
Ribnitz-Damgarten West,8012763,4,Ribnitz,"{'type': 'Point', 'coordinates': [12.436965, 54.239176]}"
Riedstadt-Goddelau,8000126,4,Riedstadt,"{'type': 'Point', 'coordinates': [8.489187, 49.83323]}"
Riesa,8010297,3,Riesa,"{'type': 'Point', 'coordinates': [13.287734, 51.309654]}"
Rödermark-Ober Roden,8000285,4,Ober Roden / Rödermark,"{'type': 'Point', 'coordinates': [8.828961, 49.973622]}"
Röntgental,8081210,4,Panketal,"{'type': 'Point', 'coordinates': [13.513799, 52.648798]}"
Rosenheim,8000320,2,Rosenheim,"{'type': 'Point', 'coordinates': [12.119202, 47.850018]}"
Roßlau (Elbe),8010302,4,Roßlau (Elbe),"{'type': 'Point', 'coordinates': [12.237262, 51.884612]}"
Rostock Evershagen,8011523,4,Rostock,"{'type': 'Point', 'coordinates': [12.068507, 54.123552]}"
Rostock Hbf,8010304,2,Rostock,"{'type': 'Point', 'coordinates': [12.131079, 54.078246]}"
Rostock Holbeinplatz,8012805,4,Rostock,"{'type': 'Point', 'coordinates': [12.099466, 54.0933]}"
Rostock Lichtenhagen,8012221,4,Rostock,"{'type': 'Point', 'coordinates': [12.070866, 54.152403]}"
Rostock Parkstraße,8012801,4,Rostock,"{'type': 'Point', 'coordinates': [12.10789, 54.085243]}"
Rostock-Marienehe,8012807,4,Rostock-Marienehe,"{'type': 'Point', 'coordinates': [12.080072, 54.111774]}"
Rotenburg (Wümme),8000321,4,Rotenburg ,"{'type': 'Point', 'coordinates': [9.390098, 53.112349]}"
Roth,8005185,3,Roth,"{'type': 'Point', 'coordinates': [11.082508, 49.241287]}"
Rottendorf,8005198,4,Rottendorf,"{'type': 'Point', 'coordinates': [10.0290799, 49.7921878]}"
Rottweil,8000322,3,Rottweil,"{'type': 'Point', 'coordinates': [8.639295, 48.165304]}"
Rübenkamp (S-Bahn),8005207,4,Hamburg,"{'type': 'Point', 'coordinates': [10.033083, 53.605968]}"
Rudolstadt (Thür),8010306,4,Rudolstadt (Thür),"{'type': 'Point', 'coordinates': [11.3388991, 50.7179313]}"
Rüsselsheim,8005220,3,Rüsselsheim,"{'type': 'Point', 'coordinates': [8.413583, 49.991639]}"
Rüsselsheim Opelwerk,8005221,4,Rüsselsheim,"{'type': 'Point', 'coordinates': [8.400373, 49.988]}"
Saalfeld (Saale),8010309,3,Saalfeld (Saale),"{'type': 'Point', 'coordinates': [11.3745832, 50.6502734]}"
Saarbrücken Hbf,8000323,2,Saarbrücken,"{'type': 'Point', 'coordinates': [6.991021, 49.241065]}"
Saarburg (Bz Trier),8005245,4,Saarburg,"{'type': 'Point', 'coordinates': [6.557034, 49.606455]}"
Saarlouis Hbf,8005247,3,Saarlouis,"{'type': 'Point', 'coordinates': [6.750169, 49.32783]}"
Salzbergen,8005262,4,Salzbergen,"{'type': 'Point', 'coordinates': [7.350526, 52.32325]}"
Salzwedel,8010310,4,Salzwedel,"{'type': 'Point', 'coordinates': [11.162035, 52.858113]}"
Sandersleben (Anh),8010311,4,Sandersleben,"{'type': 'Point', 'coordinates': [11.56002, 51.679063]}"
Sangerhausen,8010312,4,Sangerhausen,"{'type': 'Point', 'coordinates': [11.294515, 51.479891]}"
Savignyplatz,8089037,4,Berlin,"{'type': 'Point', 'coordinates': [13.319271, 52.505093]}"
Schifferstadt,8000326,3,Schifferstadt,"{'type': 'Point', 'coordinates': [8.364945, 49.39291]}"
Schlüchtern,8000891,4,Schlüchtern,"{'type': 'Point', 'coordinates': [9.510039, 50.341177]}"
Schönebeck (Elbe),8010318,3,Schönebeck (Elbe),"{'type': 'Point', 'coordinates': [11.733157, 52.018794]}"
Schöneberg,8089474,4,Berlin,"{'type': 'Point', 'coordinates': [13.352068, 52.479377]}"
Schönhauser Allee,8089039,4,Berlin,"{'type': 'Point', 'coordinates': [13.41546, 52.5492]}"
Schopfheim,8005420,4,Schopfheim,"{'type': 'Point', 'coordinates': [7.822674, 47.64797]}"
Schorndorf,8005424,3,Schorndorf,"{'type': 'Point', 'coordinates': [9.52631, 48.80715]}"
Schwabach,8005439,3,Schwabach,"{'type': 'Point', 'coordinates': [11.035351, 49.326195]}"
Schwäbisch Gmünd,8000329,4,Schwäbisch Gmünd,"{'type': 'Point', 'coordinates': [9.787795, 48.801011]}"
Schwäbisch Hall-Hessental,8000330,4,Schwäbisch Hall,"{'type': 'Point', 'coordinates': [9.767373, 49.096732]}"
Schwandorf,8000027,4,Schwandorf,"{'type': 'Point', 'coordinates': [12.103802, 49.3263803]}"
Schweinfurt Hbf,8000032,3,Schweinfurt,"{'type': 'Point', 'coordinates': [10.212919, 50.035313]}"
Schwelm,8000033,3,Schwelm,"{'type': 'Point', 'coordinates': [7.289681, 51.290526]}"
Schwerin Hbf,8010324,3,Schwerin,"{'type': 'Point', 'coordinates': [11.407455, 53.634739]}"
Schwerte (Ruhr),8000037,4,Schwerte ,"{'type': 'Point', 'coordinates': [7.55896, 51.442281]}"
Schwetzingen,8005494,4,Schwetzingen,"{'type': 'Point', 'coordinates': [8.578679, 49.383434]}"
Sechtem,8005499,4,Bornheim,"{'type': 'Point', 'coordinates': [6.957454, 50.795711]}"
Seckach,8000042,4,Seckach,"{'type': 'Point', 'coordinates': [9.338469, 49.441157]}"
Seelze Pbf,8005507,4,Seelze,"{'type': 'Point', 'coordinates': [9.594314, 52.391675]}"
Siegburg,8005556,3,Siegburg,"{'type': 'Point', 'coordinates': [7.203026, 50.793915]}"
Siegelsdorf,8005557,4,Veitsbronn,"{'type': 'Point', 'coordinates': [10.875519, 49.50635]}"
Siegen Hbf,8000046,3,Siegen,"{'type': 'Point', 'coordinates': [8.016508, 50.875939]}"
Siegen-Weidenau,8003020,4,Siegen,"{'type': 'Point', 'coordinates': [8.029842, 50.895966]}"
Singen (Hohentwiel),8000073,2,Singen ,"{'type': 'Point', 'coordinates': [8.840383, 47.758438]}"
Sinsheim (Elsenz),8005578,4,Sinsheim (Elsenz),"{'type': 'Point', 'coordinates': [8.8751, 49.250353]}"
Sinsheim (Elsenz) Hbf,8005578,4,Sinsheim (Elsenz),"{'type': 'Point', 'coordinates': [8.8751, 49.250353]}"
Sinzig (Rhein),8005580,4,Sinzig ,"{'type': 'Point', 'coordinates': [7.258279, 50.546982]}"
Soest,8000076,3,Soest,"{'type': 'Point', 'coordinates': [8.104589, 51.578419]}"
Solingen-Ohligs,8000087,2,Solingen-Ohligs,"{'type': 'Point', 'coordinates': [7.004187, 51.160766]}"
Sömmerda,8010328,4,Sömmerda,"{'type': 'Point', 'coordinates': [11.127584, 51.1649544]}"
Sonneberg (Thür) Hbf,8013008,4,Sonneberg (Thür),"{'type': 'Point', 'coordinates': [11.168848, 50.355078]}"
Sonnenallee,8089327,4,Berlin,"{'type': 'Point', 'coordinates': [13.455851, 52.473101]}"
Sonthofen,8005609,4,Sonthofen,"{'type': 'Point', 'coordinates': [10.272344, 47.513241]}"
Speyer Hbf,8005628,4,Speyer,"{'type': 'Point', 'coordinates': [8.427949, 49.324119]}"
Springe,8005638,4,Springe,"{'type': 'Point', 'coordinates': [9.556238, 52.21515]}"
Springpfuhl,8089040,4,Berlin,"{'type': 'Point', 'coordinates': [13.53674, 52.526348]}"
St Ingbert,8005649,3,St. Ingbert,"{'type': 'Point', 'coordinates': [7.110814, 49.274763]}"
St Wendel,8005659,4,St. Wendel,"{'type': 'Point', 'coordinates': [7.165293, 49.466952]}"
Stade,8000089,4,Stade,"{'type': 'Point', 'coordinates': [9.477008, 53.596143]}"
Stadtallendorf,8005661,4,Stadtallendorf,"{'type': 'Point', 'coordinates': [9.015278, 50.825432]}"
Stadthagen,8005662,4,Stadthagen,"{'type': 'Point', 'coordinates': [9.189426, 52.332837]}"
Stadthausbrücke (S-Bahn),8005663,4,Hamburg,"{'type': 'Point', 'coordinates': [9.984804, 53.549465]}"
Starnberg,8005676,4,Starnberg,"{'type': 'Point', 'coordinates': [11.34367, 47.995963]}"
Starnberg-Nord,8005675,4,Starnberg,"{'type': 'Point', 'coordinates': [11.347386, 48.005975]}"
Stellingen (S-Bahn),8002559,4,Hamburg,"{'type': 'Point', 'coordinates': [9.918336, 53.589843]}"
Stendal,8010334,3,Stendal,"{'type': 'Point', 'coordinates': [11.854412, 52.594723]}"
Sternschanze (S-Bahn),8070146,3,Hamburg,"{'type': 'Point', 'coordinates': [9.967204, 53.563719]}"
Stolberg (Rheinl) Hbf,8000348,4,Stolberg (Rheinl),"{'type': 'Point', 'coordinates': [6.217478, 50.79448]}"
Storkower Straße,8089041,4,Berlin,"{'type': 'Point', 'coordinates': [13.464398, 52.52391]}"
Stralsund,8010338,3,Stralsund,"{'type': 'Point', 'coordinates': [13.077321, 54.308626]}"
Straubing,8000095,4,Straubing,"{'type': 'Point', 'coordinates': [12.574094, 48.876978]}"
Strausberg,8010341,4,Strausberg,"{'type': 'Point', 'coordinates': [13.8334984, 52.5320832]}"
Stuttgart Feuersee,8006699,3,Stuttgart,"{'type': 'Point', 'coordinates': [9.166273, 48.772768]}"
Stuttgart Flughafen,8005768,4,Leinfelden - Echterdingen,"{'type': 'Point', 'coordinates': [9.19263, 48.690648]}"
Stuttgart Gottlieb-Daimler-Stadion,8006743,4,Stuttgart,"{'type': 'Point', 'coordinates': [9.241595, 48.792173]}"
Stuttgart Hbf,8000096,1,Stuttgart,"{'type': 'Point', 'coordinates': [9.181635, 48.784084]}"
Stuttgart Neckarpark,8006743,4,Stuttgart,"{'type': 'Point', 'coordinates': [9.241595, 48.792173]}"
Stuttgart Österfeld,8005779,4,Stuttgart,"{'type': 'Point', 'coordinates': [9.116774, 48.737651]}"
Stuttgart Schwabstraße,8006698,3,Stuttgart,"{'type': 'Point', 'coordinates': [9.156959, 48.770255]}"
Stuttgart Stadtmitte,8006700,3,Stuttgart,"{'type': 'Point', 'coordinates': [9.172925, 48.776229]}"
Stuttgart Universität,8006513,4,Stuttgart,"{'type': 'Point', 'coordinates': [9.105398, 48.745837]}"
Stuttgart-Bad Cannstatt,8005769,3,Stuttgart,"{'type': 'Point', 'coordinates': [9.217531, 48.801377]}"
Stuttgart-Feuerbach,8005770,4,Stuttgart-Feuerbach,"{'type': 'Point', 'coordinates': [9.169382, 48.813673]}"
Stuttgart-Obertürkheim,8005772,4,Stuttgart,"{'type': 'Point', 'coordinates': [9.267889, 48.762013]}"
Stuttgart-Rohr,8005773,4,Stuttgart,"{'type': 'Point', 'coordinates': [9.108328, 48.717902]}"
Stuttgart-Untertürkheim Pbf,8005775,3,Stuttgart,"{'type': 'Point', 'coordinates': [9.250569, 48.779751]}"
Stuttgart-Vaihingen,8005776,3,Stuttgart,"{'type': 'Point', 'coordinates': [9.113226, 48.726279]}"
Stuttgart-Zuffenhausen,8005778,3,Stuttgart,"{'type': 'Point', 'coordinates': [9.166739, 48.829415]}"
Süßen,8005790,4,Süßen,"{'type': 'Point', 'coordinates': [9.76028, 48.683641]}"
Syke,8005809,4,Syke,"{'type': 'Point', 'coordinates': [8.809786, 52.91616]}"
Tamm (Württ),8005820,4,Tamm ,"{'type': 'Point', 'coordinates': [9.125828, 48.921605]}"
Taufkirchen,8005831,4,Taufkirchen,"{'type': 'Point', 'coordinates': [11.609252, 48.051552]}"
Tharandt,8013114,4,Tharandt,"{'type': 'Point', 'coordinates': [13.592111, 50.982872]}"
Thesdorf (S-Bahn),8005858,4,Pinneberg,"{'type': 'Point', 'coordinates': [9.813837, 53.644372]}"
Tiergarten,8089091,4,Berlin,"{'type': 'Point', 'coordinates': [13.336392, 52.514061]}"
Tornesch,8005887,4,Tornesch,"{'type': 'Point', 'coordinates': [9.71497, 53.697313]}"
Tostedt,8005888,4,Tostedt,"{'type': 'Point', 'coordinates': [9.732013, 53.272046]}"
Traunstein,8000116,3,Traunstein,"{'type': 'Point', 'coordinates': [12.638801, 47.869727]}"
Treptower Park,8089043,4,Berlin,"{'type': 'Point', 'coordinates': [13.461441, 52.493559]}"
Treuchtlingen,8000122,3,Treuchtlingen,"{'type': 'Point', 'coordinates': [10.908159, 48.961267]}"
Treysa,8000129,4,Schwalmstadt-Treysa,"{'type': 'Point', 'coordinates': [9.185673, 50.910661]}"
Trier Hbf,8000134,2,Trier,"{'type': 'Point', 'coordinates': [6.652453, 49.756846]}"
Troisdorf,8000135,3,Troisdorf,"{'type': 'Point', 'coordinates': [7.150892, 50.813922]}"
Tübingen Hbf,8000141,2,Tübingen,"{'type': 'Point', 'coordinates': [9.055407, 48.515811]}"
Türkheim (Bay) Bahnhof,8000144,4,Türkheim ,"{'type': 'Point', 'coordinates': [10.617439, 48.04569]}"
Tuttlingen,8000163,3,Tuttlingen,"{'type': 'Point', 'coordinates': [8.798542, 47.980579]}"
Tutzing,8005927,3,Tutzing,"{'type': 'Point', 'coordinates': [11.27289, 47.907142]}"
Uelzen,8000168,2,Uelzen,"{'type': 'Point', 'coordinates': [10.553053, 52.969781]}"
Ulm Hbf,8000170,2,Ulm,"{'type': 'Point', 'coordinates': [9.982227, 48.399437]}"
Unna,8000171,3,Unna,"{'type': 'Point', 'coordinates': [7.692858, 51.538982]}"
Unter den Linden,8089044,4,Berlin,"{'type': 'Point', 'coordinates': [13.381815, 52.516506]}"
Unterföhring,8005986,4,Unterföhring,"{'type': 'Point', 'coordinates': [11.646772, 48.19031]}"
Vaihingen (Enz),8006053,4,Vaihingen (Enz),"{'type': 'Point', 'coordinates': [8.957632, 48.948118]}"
Veddel (S-Bahn),8006062,4,Hamburg,"{'type': 'Point', 'coordinates': [10.013313, 53.521703]}"
Vellmar-Obervellmar,8004597,4,Vellmar,"{'type': 'Point', 'coordinates': [9.452475, 51.359679]}"
Verden (Aller),8006076,3,Verden (Aller),"{'type': 'Point', 'coordinates': [9.237855, 52.920818]}"
Viersen,8000174,3,Viersen,"{'type': 'Point', 'coordinates': [6.403896, 51.254947]}"
Villingen (Schwarzw),8000366,4,Villingen-Schwenningen,"{'type': 'Point', 'coordinates': [8.465261, 48.058022]}"
Vilshofen (Niederbay),8006086,4,Vilshofen an der Donau,"{'type': 'Point', 'coordinates': [13.190867, 48.629551]}"
Völklingen,8000175,3,Völklingen,"{'type': 'Point', 'coordinates': [6.848156, 49.249091]}"
Wabern (Bz Kassel),8000368,4,Wabern,"{'type': 'Point', 'coordinates': [9.35804, 51.103134]}"
Wächtersbach,8006132,4,Wächtersbach,"{'type': 'Point', 'coordinates': [9.295828, 50.253958]}"
Waghäusel,8006137,4,Waghäusel,"{'type': 'Point', 'coordinates': [8.508313, 49.248186]}"
Waiblingen,8000180,3,Waiblingen,"{'type': 'Point', 'coordinates': [9.299882, 48.826124]}"
Waidmannslust,8089092,4,Berlin,"{'type': 'Point', 'coordinates': [13.320996, 52.60648]}"
Waldshut,8006167,4,Waldshut-Tiengen,"{'type': 'Point', 'coordinates': [8.219526, 47.621368]}"
Wandsbek Ost,8006197,4,Hamburg,"{'type': 'Point', 'coordinates': [10.12305, 53.586385]}"
Wandsbeker Chaussee (S-Bahn),8006198,4,Hamburg,"{'type': 'Point', 'coordinates': [10.059975, 53.569734]}"
Wanne-Eickel Hbf,8000192,3,Herne,"{'type': 'Point', 'coordinates': [7.165783, 51.531256]}"
Warburg (Westf),8000196,4,Warburg ,"{'type': 'Point', 'coordinates': [9.163845, 51.492953]}"
Waren (Müritz),8010361,4,Waren (Müritz),"{'type': 'Point', 'coordinates': [12.680678, 53.521512]}"
Warnemünde,8013236,3,Rostock,"{'type': 'Point', 'coordinates': [12.091271, 54.176852]}"
Warschauer Straße,8089045,4,Berlin,"{'type': 'Point', 'coordinates': [13.451646, 52.505976]}"
Wattenscheid,8006226,4,Bochum,"{'type': 'Point', 'coordinates': [7.139521, 51.473214]}"
Wedding,8089131,4,Berlin,"{'type': 'Point', 'coordinates': [13.36817, 52.543251]}"
Weetzen,8000342,4,Ronnenberg,"{'type': 'Point', 'coordinates': [9.635376, 52.298351]}"
Weiden (Oberpf),8000204,3,Weiden in der Oberpfalz,"{'type': 'Point', 'coordinates': [12.153846, 49.67049]}"
Weil (Rhein),8006272,4,Weil  am Rhein,"{'type': 'Point', 'coordinates': [7.608419, 47.593973]}"
Weil der Stadt,8006271,4,Weil der Stadt,"{'type': 'Point', 'coordinates': [8.872806, 48.755483]}"
Weilheim (Oberbay),8000220,4,Weilheim ,"{'type': 'Point', 'coordinates': [11.14286, 47.845363]}"
Weimar,8010366,2,Weimar,"{'type': 'Point', 'coordinates': [11.326458, 50.991487]}"
Weinheim (Bergstr),8000377,4,Weinheim,"{'type': 'Point', 'coordinates': [8.665351, 49.553302]}"
Weißenburg (Bay),8006298,4,Weißenburg (Bay),"{'type': 'Point', 'coordinates': [10.96539, 49.029673]}"
Weißenfels,8010368,3,Weißenfels,"{'type': 'Point', 'coordinates': [11.970926, 51.204615]}"
Wendlingen (Neckar),8006331,3,Wendlingen am Neckar,"{'type': 'Point', 'coordinates': [9.373011, 48.672961]}"
Werdau,8010372,4,Werdau,"{'type': 'Point', 'coordinates': [12.3672795, 50.7266423]}"
Werder (Havel),8010373,4,Werder (Havel),"{'type': 'Point', 'coordinates': [12.926189, 52.392939]}"
Werl,8006342,4,Werl,"{'type': 'Point', 'coordinates': [7.914136, 51.558073]}"
Wernau (Neckar),8006346,4,Wernau,"{'type': 'Point', 'coordinates': [9.413898, 48.694247]}"
Wesel,8000242,3,Wesel,"{'type': 'Point', 'coordinates': [6.627134, 51.65584]}"
Westend,8089111,4,Berlin,"{'type': 'Point', 'coordinates': [13.284638, 52.51807]}"
Westerland (Sylt),8006369,3,Sylt/ OT Westerland  ,"{'type': 'Point', 'coordinates': [8.310925, 54.906839]}"
Westhafen,8089116,4,Berlin,"{'type': 'Point', 'coordinates': [13.344253, 52.53625]}"
Wetzlar,8000383,3,Wetzlar,"{'type': 'Point', 'coordinates': [8.503819, 50.565631]}"
Wicklesgreuth,8006390,4,Petersaurach,"{'type': 'Point', 'coordinates': [10.71145, 49.310689]}"
Wiesbaden Hbf,8000250,2,Wiesbaden,"{'type': 'Point', 'coordinates': [8.243731, 50.070791]}"
Wiesbaden Ost,8006404,4,Wiesbaden,"{'type': 'Point', 'coordinates': [8.256293, 50.041412]}"
Wiesloch-Walldorf,8006421,3,Wiesloch,"{'type': 'Point', 'coordinates': [8.664146, 49.291353]}"
Wilhelmsburg (S-Bahn),8002561,4,Hamburg,"{'type': 'Point', 'coordinates': [10.007006, 53.498936]}"
Wilhelmshaven,8006445,4,Wilhelmshaven,"{'type': 'Point', 'coordinates': [8.114901, 53.518795]}"
Winden (Pfalz),8006468,4,Winden,"{'type': 'Point', 'coordinates': [8.122479, 49.095452]}"
Winnenden,8006479,3,Winnenden,"{'type': 'Point', 'coordinates': [9.39229, 48.879583]}"
Winsen (Luhe),8006484,4,Winsen (Luhe),"{'type': 'Point', 'coordinates': [10.207691, 53.353839]}"
Witten Hbf,8000251,3,Witten,"{'type': 'Point', 'coordinates': [7.329442, 51.435544]}"
Wittenau (Wilhelmsruher Damm),8089096,4,Berlin,"{'type': 'Point', 'coordinates': [13.334446, 52.597044]}"
Wittenberge,8010382,3,Wittenberge,"{'type': 'Point', 'coordinates': [11.762871, 53.003115]}"
Wittlich Hbf,8000379,4,Wittlich,"{'type': 'Point', 'coordinates': [6.943557, 49.973121]}"
Wolfen (Kr Bitterfeld),8013335,4,Wolfen ,"{'type': 'Point', 'coordinates': [12.279563, 51.661159]}"
Wolfsburg,8006552,2,Wolfsburg,"{'type': 'Point', 'coordinates': [10.787784, 52.429498]}"
Wollankstraße,8089048,4,Berlin,"{'type': 'Point', 'coordinates': [13.391791, 52.565482]}"
Worms Hbf,8000257,2,Worms,"{'type': 'Point', 'coordinates': [8.356448, 49.63494]}"
Wörth (Rhein),8000254,3,Wörth,"{'type': 'Point', 'coordinates': [8.273146, 49.045678]}"
Wrist,8006572,4,Wrist,"{'type': 'Point', 'coordinates': [9.748128, 53.932382]}"
Wunstorf,8000268,3,Wunstorf,"{'type': 'Point', 'coordinates': [9.450976, 52.422225]}"
Wuppertal Hbf,8000266,2,Wuppertal,"{'type': 'Point', 'coordinates': [7.149543, 51.254363]}"
Wuppertal Zoologischer Garten,8006623,4,Wuppertal,"{'type': 'Point', 'coordinates': [7.10702, 51.243469]}"
Wuppertal-Barmen,8006596,4,Wuppertal-Barmen,"{'type': 'Point', 'coordinates': [7.195159, 51.266972]}"
Wuppertal-Oberbarmen,8006719,3,Wuppertal,"{'type': 'Point', 'coordinates': [7.221483, 51.273839]}"
Wuppertal-Sonnborn,8006618,4,Wuppertal,"{'type': 'Point', 'coordinates': [7.096575, 51.240584]}"
Wuppertal-Unterbarmen,8006620,4,Wuppertal,"{'type': 'Point', 'coordinates': [7.171212, 51.258929]}"
Wuppertal-Vohwinkel,8006718,3,Wuppertal,"{'type': 'Point', 'coordinates': [7.071597, 51.234259]}"
Würzburg Hbf,8000260,2,Würzburg,"{'type': 'Point', 'coordinates': [9.93578, 49.801796]}"
Wurzen,8013361,4,Wurzen,"{'type': 'Point', 'coordinates': [12.738972, 51.364418]}"
Zeitz,8010390,4,Zeitz,"{'type': 'Point', 'coordinates': [12.131488, 51.056452]}"
Zittau,8010393,4,Zittau,"{'type': 'Point', 'coordinates': [14.805774, 50.904461]}"
Zwickau (Sachs) Hbf,8010397,3,Zwickau ,"{'type': 'Point', 'coordinates': [12.474716, 50.714668]}"
