Aachen Hbf,2,Aachen,"{'type': 'Point', 'coordinates': [6.091499, 50.7678]}"
Aachen-Rothe Erde,4,Aachen,"{'type': 'Point', 'coordinates': [6.116475, 50.770202]}"
Aachen-Rothe Erde,4,Aachen,"{'type': 'Point', 'coordinates': [6.116475, 50.770202]}"
Aalen,2,Aalen,"{'type': 'Point', 'coordinates': [10.096271, 48.841013]}"
Achern,4,Achern,"{'type': 'Point', 'coordinates': [8.065324, 48.63399]}"
Achim,4,Achim,"{'type': 'Point', 'coordinates': [9.030447, 53.01599]}"
Ahlen (Westf),4,Ahlen ,"{'type': 'Point', 'coordinates': [7.895488, 51.761062]}"
Ahrensburg,4,Ahrensburg,"{'type': 'Point', 'coordinates': [10.236206, 53.669171]}"
Ahrensfelde,4,Berlin,"{'type': 'Point', 'coordinates': [13.565154, 52.571375]}"
Alexanderplatz,3,Berlin,"{'type': 'Point', 'coordinates': [13.410961, 52.521481]}"
Alexanderplatz,3,Berlin,"{'type': 'Point', 'coordinates': [13.410961, 52.521481]}"
Alfeld (Leine),4,Alfeld ,"{'type': 'Point', 'coordinates': [9.817779, 51.981417]}"
Allensbach,4,Allensbach,"{'type': 'Point', 'coordinates': [9.068852, 47.714464]}"
Allermöhe,4,Hamburg,"{'type': 'Point', 'coordinates': [10.158735, 53.490356]}"
Allermöhe (S-Bahn),4,Hamburg,"{'type': 'Point', 'coordinates': [10.158735, 53.490356]}"
Altbach,3,Altbach,"{'type': 'Point', 'coordinates': [9.382384, 48.720393]}"
Alte Wöhr (S-Bahn),4,Hamburg,"{'type': 'Point', 'coordinates': [10.035415, 53.59793]}"
Altenbeken,2,Altenbeken,"{'type': 'Point', 'coordinates': [8.943319, 51.766433]}"
Altenhundem,4,Lennestadt,"{'type': 'Point', 'coordinates': [8.071517, 51.104132]}"
Altglienicke,4,Berlin,"{'type': 'Point', 'coordinates': [13.558753, 52.407299]}"
Alzey,3,Alzey,"{'type': 'Point', 'coordinates': [8.109749, 49.7502]}"
Andernach,3,Andernach,"{'type': 'Point', 'coordinates': [7.404839, 50.434542]}"
Angermünde,3,Angermünde,"{'type': 'Point', 'coordinates': [13.996361, 53.015221]}"
Ansbach,3,Ansbach,"{'type': 'Point', 'coordinates': [10.578239, 49.298032]}"
Apolda,4,Apolda,"{'type': 'Point', 'coordinates': [11.526136, 51.03094]}"
Appelhülsen,4,Nottuln-Appelhülsen,"{'type': 'Point', 'coordinates': [7.426334, 51.892139]}"
Appenweier,4,Appenweier,"{'type': 'Point', 'coordinates': [7.97319, 48.541461]}"
Appenweier,4,Appenweier,"{'type': 'Point', 'coordinates': [7.97319, 48.541461]}"
Arnsberg (Westf),4,Arnsberg,"{'type': 'Point', 'coordinates': [8.067965, 51.405662]}"
Arnstadt Hbf,4,Arnstadt,"{'type': 'Point', 'coordinates': [10.948262, 50.841939]}"
Aschaffenburg Hbf,2,Aschaffenburg,"{'type': 'Point', 'coordinates': [9.143697, 49.980557]}"
Aschersleben Pbf,4,Aschersleben,"{'type': 'Point', 'coordinates': [11.465689, 51.757122]}"
Asperg,4,Asperg,"{'type': 'Point', 'coordinates': [9.147797, 48.907359]}"
Au (Sieg),3,Windeck,"{'type': 'Point', 'coordinates': [7.656537, 50.773765]}"
Augsburg Haunstetterstraße,3,Augsburg,"{'type': 'Point', 'coordinates': [10.900985, 48.355285]}"
Augsburg Hbf,2,Augsburg,"{'type': 'Point', 'coordinates': [10.88557, 48.365441]}"
Augsburg-Hochzoll,3,Augsburg,"{'type': 'Point', 'coordinates': [10.943376, 48.352977]}"
Augsburg-Hochzoll,3,Augsburg,"{'type': 'Point', 'coordinates': [10.943376, 48.352977]}"
Augsburg-Oberhausen,4,Augsburg,"{'type': 'Point', 'coordinates': [10.872533, 48.380772]}"
Aulendorf,4,Aulendorf,"{'type': 'Point', 'coordinates': [9.644046, 47.953052]}"
Aumühle,4,Aumühle,"{'type': 'Point', 'coordinates': [10.314672, 53.529853]}"
Aumühle,4,Aumühle,"{'type': 'Point', 'coordinates': [10.314672, 53.529853]}"
Aumühle,4,Aumühle,"{'type': 'Point', 'coordinates': [10.314672, 53.529853]}"
Bacharach,4,Bacharach,"{'type': 'Point', 'coordinates': [7.769523, 50.056101]}"
Backnang,3,Backnang,"{'type': 'Point', 'coordinates': [9.425989, 48.942676]}"
Bad Bentheim,4,Bad Bentheim,"{'type': 'Point', 'coordinates': [7.158539, 52.30985]}"
Bad Dürkheim,4,Bad Dürkheim,"{'type': 'Point', 'coordinates': [8.170701, 49.460633]}"
Bad Endorf (Oberbay),4,Bad Endorf ,"{'type': 'Point', 'coordinates': [12.301558, 47.905066]}"
Bad Friedrichshall Hbf,3,Bad Friedrichshall,"{'type': 'Point', 'coordinates': [9.199771, 49.231571]}"
Bad Harzburg,3,Bad Harzburg,"{'type': 'Point', 'coordinates': [10.555444, 51.888116]}"
Bad Hersfeld,3,Bad Hersfeld,"{'type': 'Point', 'coordinates': [9.716182, 50.869632]}"
Bad Homburg,3,Bad Homburg,"{'type': 'Point', 'coordinates': [8.620624, 50.219904]}"
Bad Hönningen,4,Bad Hönningen,"{'type': 'Point', 'coordinates': [7.310871, 50.513676]}"
Bad Kleinen,4,Bad Kleinen,"{'type': 'Point', 'coordinates': [11.466925, 53.766974]}"
Bad Kreuznach,3,Bad Kreuznach,"{'type': 'Point', 'coordinates': [7.866435, 49.842399]}"
Bad Krozingen,4,Bad Krozingen,"{'type': 'Point', 'coordinates': [7.697632, 47.919721]}"
Bad Langensalza,4,Bad Langensalza,"{'type': 'Point', 'coordinates': [10.640671, 51.101701]}"
Bad Münster am Stein,4,Bad Münster am Stein,"{'type': 'Point', 'coordinates': [7.846989, 49.813426]}"
Bad Nauheim,4,Bad Nauheim,"{'type': 'Point', 'coordinates': [8.749334, 50.367904]}"
Bad Oeynhausen,3,Bad Oeynhausen,"{'type': 'Point', 'coordinates': [8.796523, 52.205398]}"
Bad Oldesloe,2,Bad Oldesloe,"{'type': 'Point', 'coordinates': [10.3825414, 53.8053902]}"
Bad Rappenau,4,Bad Rappenau,"{'type': 'Point', 'coordinates': [9.101529, 49.237765]}"
Bad Schandau,3,Bad Schandau,"{'type': 'Point', 'coordinates': [14.1375375, 50.9192886]}"
Bad Schönborn Süd,4,Bad Schönborn,"{'type': 'Point', 'coordinates': [8.641924, 49.200001]}"
Bad Vilbel,3,Bad Vilbel,"{'type': 'Point', 'coordinates': [8.73946, 50.188677]}"
Baden-Baden,3,Baden-Baden,"{'type': 'Point', 'coordinates': [8.190831, 48.790327]}"
Bahrenfeld (S-Bahn),4,Hamburg,"{'type': 'Point', 'coordinates': [9.910778, 53.56006]}"
Balingen (Württ),4,Balingen ,"{'type': 'Point', 'coordinates': [8.850307, 48.278469]}"
Bamberg,2,Bamberg,"{'type': 'Point', 'coordinates': [10.899489, 49.900759]}"
Bargteheide,4,Bargteheide,"{'type': 'Point', 'coordinates': [10.269104, 53.7282]}"
Barmbek (S-Bahn),4,Hamburg,"{'type': 'Point', 'coordinates': [10.044164, 53.587458]}"
Baumschulenweg,4,Berlin,"{'type': 'Point', 'coordinates': [13.490097, 52.467244]}"
Bautzen,4,Bautzen,"{'type': 'Point', 'coordinates': [14.428735, 51.173097]}"
Bayreuth Hbf,3,Bayreuth,"{'type': 'Point', 'coordinates': [11.579985, 49.949616]}"
Bebra,3,Bebra,"{'type': 'Point', 'coordinates': [9.797788, 50.969568]}"
Bellevue,4,Berlin,"{'type': 'Point', 'coordinates': [13.348263, 52.519955]}"
Bensheim,4,Bensheim,"{'type': 'Point', 'coordinates': [8.616717, 49.681329]}"
Bergen auf Rügen,3,Bergen (Rügen),"{'type': 'Point', 'coordinates': [13.417821, 54.4205]}"
Bergfelde (b Berlin),4,Hohen Neuendorf,"{'type': 'Point', 'coordinates': [13.320244, 52.670303]}"
Berlin Anhalter Bahnhof,3,Berlin,"{'type': 'Point', 'coordinates': [13.381362, 52.503486]}"
Berlin Brandenburger Tor,4,Berlin,"{'type': 'Point', 'coordinates': [13.381815, 52.516506]}"
Berlin Frankfurter Allee,4,Berlin,"{'type': 'Point', 'coordinates': [13.47441, 52.515168]}"
Berlin Hauptbahnhof,1,Berlin,"{'type': 'Point', 'coordinates': [13.369545, 52.525592]}"
Berlin Hauptbahnhof–Lehrter Bahnhof,1,Berlin,"{'type': 'Point', 'coordinates': [13.369545, 52.525592]}"
Berlin Hauptbahnhof–Lehrter Bahnhof,1,Berlin,"{'type': 'Point', 'coordinates': [13.369545, 52.525592]}"
Berlin Hauptbahnhof–Lehrter Bahnhof,1,Berlin,"{'type': 'Point', 'coordinates': [13.369545, 52.525592]}"
Berlin Ostbahnhof,1,Berlin,"{'type': 'Point', 'coordinates': [13.4346807, 52.5104881]}"
Berlin Potsdamer Platz,2,Berlin,"{'type': 'Point', 'coordinates': [13.375988, 52.509379]}"
Berlin Südkreuz,1,Berlin,"{'type': 'Point', 'coordinates': [13.365319, 52.475047]}"
Berlin Zoologischer Garten,2,Berlin,"{'type': 'Point', 'coordinates': [13.331992, 52.507277]}"
Berlin-Adlershof,4,Berlin,"{'type': 'Point', 'coordinates': [13.541129, 52.435031]}"
Berlin-Blankenburg,4,Berlin,"{'type': 'Point', 'coordinates': [13.44333, 52.591164]}"
Berlin-Buch,4,Berlin,"{'type': 'Point', 'coordinates': [13.492286, 52.636162]}"
Berlin-Charlottenburg,3,Berlin,"{'type': 'Point', 'coordinates': [13.3023298, 52.5042126]}"
Berlin-Friedrichshagen,4,Berlin,"{'type': 'Point', 'coordinates': [13.6246, 52.457247]}"
Berlin-Friedrichstraße,2,Berlin,"{'type': 'Point', 'coordinates': [13.3872056, 52.520373]}"
Berlin-Friedrichstraße,2,Berlin,"{'type': 'Point', 'coordinates': [13.3872056, 52.520373]}"
Berlin-Frohnau,4,Berlin,"{'type': 'Point', 'coordinates': [13.289934, 52.632758]}"
Berlin-Gesundbrunnen,1,Berlin,"{'type': 'Point', 'coordinates': [13.388513, 52.548963]}"
Berlin-Gesundbrunnen,1,Berlin,"{'type': 'Point', 'coordinates': [13.388513, 52.548963]}"
Berlin-Gesundbrunnen,1,Berlin,"{'type': 'Point', 'coordinates': [13.388513, 52.548963]}"
Berlin-Grünau,4,Berlin,"{'type': 'Point', 'coordinates': [13.573497, 52.413028]}"
Berlin-Grunewald,4,Berlin,"{'type': 'Point', 'coordinates': [13.26172, 52.488693]}"
Berlin-Halensee,4,Berlin,"{'type': 'Point', 'coordinates': [13.290326, 52.496254]}"
Berlin-Hermsdorf,4,Berlin,"{'type': 'Point', 'coordinates': [13.30769, 52.617782]}"
Berlin-Hohenschönhausen,4,Berlin,"{'type': 'Point', 'coordinates': [13.5124218, 52.5660016]}"
Berlin-Hohenschönhausen,4,Berlin,"{'type': 'Point', 'coordinates': [13.5124218, 52.5660016]}"
Berlin-Karlshorst,3,Berlin,"{'type': 'Point', 'coordinates': [13.5279465, 52.4797942]}"
Berlin-Karow,4,Berlin,"{'type': 'Point', 'coordinates': [13.469204, 52.614884]}"
Berlin-Kaulsdorf,4,Berlin,"{'type': 'Point', 'coordinates': [13.58894, 52.512093]}"
Berlin-Köpenick,4,Berlin,"{'type': 'Point', 'coordinates': [13.580942, 52.45861]}"
Berlin-Lichtenberg,2,Berlin,"{'type': 'Point', 'coordinates': [13.4966934, 52.5101355]}"
Berlin-Lichterfelde Ost,3,Berlin,"{'type': 'Point', 'coordinates': [13.328556, 52.429451]}"
Berlin-Lichterfelde West,4,Berlin,"{'type': 'Point', 'coordinates': [13.293732, 52.44335]}"
Berlin-Mahlsdorf,4,Berlin,"{'type': 'Point', 'coordinates': [13.611417, 52.512107]}"
Berlin-Marzahn,4,Berlin,"{'type': 'Point', 'coordinates': [13.541341, 52.543608]}"
Berlin-Neukölln,4,Berlin,"{'type': 'Point', 'coordinates': [13.44306, 52.46942]}"
Berlin-Nordbahnhof,4,Berlin,"{'type': 'Point', 'coordinates': [13.388464, 52.532066]}"
Berlin-Rummelsburg,4,Berlin,"{'type': 'Point', 'coordinates': [13.478362, 52.501309]}"
Berlin-Rummelsburg,4,Berlin,"{'type': 'Point', 'coordinates': [13.478362, 52.501309]}"
Berlin-Rummelsburg,4,Berlin,"{'type': 'Point', 'coordinates': [13.478362, 52.501309]}"
Berlin-Schlachtensee,4,Berlin,"{'type': 'Point', 'coordinates': [13.215025, 52.439976]}"
Berlin-Schönefeld Flughafen,3,Schönefeld,"{'type': 'Point', 'coordinates': [13.51271, 52.391062]}"
Berlin-Schöneweide Pbf,3,Berlin,"{'type': 'Point', 'coordinates': [13.509395, 52.455127]}"
Berlin-Schönholz,4,Berlin,"{'type': 'Point', 'coordinates': [13.381111, 52.571422]}"
Berlin-Spandau,2,Berlin,"{'type': 'Point', 'coordinates': [13.1968975, 52.5346481]}"
Berlin-Tempelhof,4,Berlin,"{'type': 'Point', 'coordinates': [13.384547, 52.470967]}"
Berlin-Wannsee,2,Berlin,"{'type': 'Point', 'coordinates': [13.1795275, 52.4209723]}"
Berlin-Wannsee ARZ,2,Berlin,"{'type': 'Point', 'coordinates': [13.1795275, 52.4209723]}"
Berlin-Westkreuz,3,Berlin,"{'type': 'Point', 'coordinates': [13.283966, 52.500737]}"
Berlin-Westkreuz,3,Berlin,"{'type': 'Point', 'coordinates': [13.283966, 52.500737]}"
Berlin-Westkreuz,3,Berlin,"{'type': 'Point', 'coordinates': [13.283966, 52.500737]}"
Berlin-Zehlendorf,4,Berlin,"{'type': 'Point', 'coordinates': [13.258659, 52.431067]}"
Berliner Tor (S-Bahn),3,Hamburg,"{'type': 'Point', 'coordinates': [10.02463, 53.55287]}"
Berliner Tor (S-Bahn),3,Hamburg,"{'type': 'Point', 'coordinates': [10.02463, 53.55287]}"
Berliner Tor (S-Bahn),3,Hamburg,"{'type': 'Point', 'coordinates': [10.02463, 53.55287]}"
Bernau (b Berlin),3,Bernau bei Berlin,"{'type': 'Point', 'coordinates': [13.5926414, 52.6755689]}"
Bernburg,4,Bernburg,"{'type': 'Point', 'coordinates': [11.751455, 51.79612]}"
Betriebsbahnhof Berlin-Rummelsburg,4,Berlin,"{'type': 'Point', 'coordinates': [13.497786, 52.493827]}"
Betriebsbahnhof Berlin-Schöneweide,4,Berlin,"{'type': 'Point', 'coordinates': [13.52368, 52.446905]}"
Betzdorf (Sieg),3,Betzdorf ,"{'type': 'Point', 'coordinates': [7.87005, 50.789294]}"
Beusselstraße,4,Berlin,"{'type': 'Point', 'coordinates': [13.329042, 52.534354]}"
Biberach (Riß),4,Biberach (Riß),"{'type': 'Point', 'coordinates': [9.793127, 48.101845]}"
Biblis,4,Biblis,"{'type': 'Point', 'coordinates': [8.450413, 49.688881]}"
Bielefeld Hbf,2,Bielefeld,"{'type': 'Point', 'coordinates': [8.532722, 52.029261]}"
Bielefeld Hbf,2,Bielefeld,"{'type': 'Point', 'coordinates': [8.532722, 52.029261]}"
Biesdorf,4,Berlin,"{'type': 'Point', 'coordinates': [13.555878, 52.513097]}"
Bietigheim-Bissingen,2,Bietigheim-Bissingen,"{'type': 'Point', 'coordinates': [9.137557, 48.947933]}"
Bingen (Rhein) Hbf,4,Bingen ,"{'type': 'Point', 'coordinates': [7.884263, 49.968729]}"
Bingen (Rhein) Stadt,4,Bingen ,"{'type': 'Point', 'coordinates': [7.902985, 49.969746]}"
Birkenwerder (b Berlin),4,Birkenwerder,"{'type': 'Point', 'coordinates': [13.288772, 52.688249]}"
Bitterfeld,3,Bitterfeld-Wolfen,"{'type': 'Point', 'coordinates': [12.31685, 51.622861]}"
Blankenese (S-Bahn),3,Hamburg,"{'type': 'Point', 'coordinates': [9.814607, 53.564364]}"
Blankenfelde (Kr Teltow-Fläming),4,Blankenfelde ,"{'type': 'Point', 'coordinates': [13.415982, 52.337213]}"
Blankenloch,4, Stutensee,"{'type': 'Point', 'coordinates': [8.464729, 49.066528]}"
Bobingen,4,Bobingen,"{'type': 'Point', 'coordinates': [10.837891, 48.266373]}"
Böblingen,3,Böblingen,"{'type': 'Point', 'coordinates': [9.004128, 48.687758]}"
Bochum Hbf,2,Bochum,"{'type': 'Point', 'coordinates': [7.223275, 51.478609]}"
Bochum-Langendreer,4,Bochum,"{'type': 'Point', 'coordinates': [7.323645, 51.477992]}"
Bochum-Langendreer,4,Bochum,"{'type': 'Point', 'coordinates': [7.323645, 51.477992]}"
Bochum-Langendreer West,4,Bochum,"{'type': 'Point', 'coordinates': [7.304327, 51.478032]}"
Bodenheim,4,Bodenheim,"{'type': 'Point', 'coordinates': [8.312491, 49.929585]}"
Bonn Hbf,2,Bonn,"{'type': 'Point', 'coordinates': [7.097136, 50.732008]}"
Bonn-Bad Godesberg,4,Bonn,"{'type': 'Point', 'coordinates': [7.159555, 50.683927]}"
Bonn-Beuel,4,Bonn,"{'type': 'Point', 'coordinates': [7.127657, 50.738476]}"
Boppard Hbf,4,Boppard,"{'type': 'Point', 'coordinates': [7.586102, 50.231413]}"
Bornheim-Sechtem,4,Bornheim,"{'type': 'Point', 'coordinates': [6.957454, 50.795711]}"
Bornholmer Straße,4,Berlin,"{'type': 'Point', 'coordinates': [13.397943, 52.554491]}"
Botanischer Garten,4,Berlin,"{'type': 'Point', 'coordinates': [13.306766, 52.447784]}"
Bottrop Hbf,4,Bottrop,"{'type': 'Point', 'coordinates': [6.936684, 51.50945]}"
Bottrop Hbf,4,Bottrop,"{'type': 'Point', 'coordinates': [6.936684, 51.50945]}"
Brackwede,4,Bielefeld,"{'type': 'Point', 'coordinates': [8.498426, 51.997378]}"
Brandenburg Hbf,3,Brandenburg an der Havel,"{'type': 'Point', 'coordinates': [12.566138, 52.400554]}"
Brannenburg,4,Brannenburg,"{'type': 'Point', 'coordinates': [12.106464, 47.741354]}"
Braunschweig Hbf,2,Braunschweig,"{'type': 'Point', 'coordinates': [10.540295, 52.252218]}"
Bredstedt,4,Bredstedt,"{'type': 'Point', 'coordinates': [8.970336, 54.621166]}"
Bremen Hbf,2,Bremen,"{'type': 'Point', 'coordinates': [8.813834, 53.083481]}"
Bremen-Burg,4,Bremen,"{'type': 'Point', 'coordinates': [8.704773, 53.160288]}"
Bremen-Mahndorf,4,Bremen,"{'type': 'Point', 'coordinates': [8.944627, 53.039762]}"
Bremen-Walle,4,Bremen,"{'type': 'Point', 'coordinates': [8.786241, 53.103792]}"
Bremerhaven Hbf,3,Bremerhaven,"{'type': 'Point', 'coordinates': [8.599555, 53.534912]}"
Bretten,4,Bretten,"{'type': 'Point', 'coordinates': [8.693448, 49.0369]}"
Bruchsal,2,Bruchsal,"{'type': 'Point', 'coordinates': [8.589649, 49.124622]}"
Brühl,4,Brühl,"{'type': 'Point', 'coordinates': [6.912718, 50.829249]}"
Brühl,4,Brühl,"{'type': 'Point', 'coordinates': [6.912718, 50.829249]}"
Büchen,3,Büchen,"{'type': 'Point', 'coordinates': [10.623298, 53.474972]}"
Buchholz (Nordheide),3,Buchholz i.d.Nordheide,"{'type': 'Point', 'coordinates': [9.876266, 53.324683]}"
Buchloe,3,Buchloe,"{'type': 'Point', 'coordinates': [10.716217, 48.033723]}"
Bückeburg,4,Bückeburg,"{'type': 'Point', 'coordinates': [9.047796, 52.267637]}"
Bullay DB,4,Bullay,"{'type': 'Point', 'coordinates': [7.134584, 50.05446]}"
Bünde (Westf),4,Bünde ,"{'type': 'Point', 'coordinates': [8.573876, 52.202075]}"
Bundesplatz,4,Berlin,"{'type': 'Point', 'coordinates': [13.32959, 52.477617]}"
Burg (b Magdeburg),4,Burg,"{'type': 'Point', 'coordinates': [11.840356, 52.274406]}"
Burgdorf (Han),4,Burgdorf ,"{'type': 'Point', 'coordinates': [10.002837, 52.448708]}"
Dedensen / Gümmer,4,Seelze,"{'type': 'Point', 'coordinates': [9.521252, 52.407049]}"
Deisenhofen,4,Oberhaching,"{'type': 'Point', 'coordinates': [11.583597, 48.019539]}"
Delitzsch unt Bf,4,Delitzsch,"{'type': 'Point', 'coordinates': [12.345218, 51.525227]}"
Delmenhorst,3,Delmenhorst,"{'type': 'Point', 'coordinates': [8.629758, 53.052792]}"
Denzlingen,4,Denzlingen,"{'type': 'Point', 'coordinates': [7.881434, 48.068625]}"
Dessau Hauptbahnhof,3,Dessau-Roßlau,"{'type': 'Point', 'coordinates': [12.234945, 51.839865]}"
Dieburg,4,Dieburg,"{'type': 'Point', 'coordinates': [8.839795, 49.90369]}"
Diepholz,4,Diepholz,"{'type': 'Point', 'coordinates': [8.380334, 52.604771]}"
Dillenburg,4,Dillenburg,"{'type': 'Point', 'coordinates': [8.294088, 50.734883]}"
Dillingen (Saar),3,Dillingen (Saar),"{'type': 'Point', 'coordinates': [6.72215, 49.35271]}"
Ditzingen,4,Ditzingen,"{'type': 'Point', 'coordinates': [9.06705, 48.823611]}"
Doberlug-Kirchhain,4,Doberlug-Kirchhain,"{'type': 'Point', 'coordinates': [13.564241, 51.620576]}"
Doberlug-Kirchhain,4,Doberlug-Kirchhain,"{'type': 'Point', 'coordinates': [13.564241, 51.620576]}"
Donaueschingen,4,Donaueschingen,"{'type': 'Point', 'coordinates': [8.498919, 47.947786]}"
Donauwörth,4,Donauwörth,"{'type': 'Point', 'coordinates': [10.771443, 48.714026]}"
Duisburg Hbf,1,Duisburg,"{'type': 'Point', 'coordinates': [6.775903, 51.429785]}"
Duisburg-Buchholz,4,Duisburg,"{'type': 'Point', 'coordinates': [6.775406, 51.382919]}"
Duisburg-Großenbaum,4,Duisburg,"{'type': 'Point', 'coordinates': [6.77747, 51.364774]}"
Duisburg-Meiderich Süd,4,Duisburg,"{'type': 'Point', 'coordinates': [6.780191, 51.468831]}"
Dülmen,4,Dülmen,"{'type': 'Point', 'coordinates': [7.295765, 51.827676]}"
Dülmen,4,Dülmen,"{'type': 'Point', 'coordinates': [7.295765, 51.827676]}"
Düren,3,Düren,"{'type': 'Point', 'coordinates': [6.482451, 50.809517]}"
Düren,3,Düren,"{'type': 'Point', 'coordinates': [6.482451, 50.809517]}"
Düsseldorf Flughafen,2,Düsseldorf,"{'type': 'Point', 'coordinates': [6.786836, 51.292009]}"
Düsseldorf Flughafen,2,Düsseldorf,"{'type': 'Point', 'coordinates': [6.786836, 51.292009]}"
Düsseldorf Flughafen,2,Düsseldorf,"{'type': 'Point', 'coordinates': [6.786836, 51.292009]}"
Düsseldorf Flughafen,2,Düsseldorf,"{'type': 'Point', 'coordinates': [6.786836, 51.292009]}"
Düsseldorf Hbf,1,Düsseldorf,"{'type': 'Point', 'coordinates': [6.794319, 51.219962]}"
Düsseldorf Wehrhahn,4,Düsseldorf,"{'type': 'Point', 'coordinates': [6.798173, 51.228447]}"
Düsseldorf Zoo,4,Düsseldorf,"{'type': 'Point', 'coordinates': [6.796924, 51.236962]}"
Düsseldorf-Benrath,3,Düsseldorf,"{'type': 'Point', 'coordinates': [6.878931, 51.162293]}"
Düsseldorf-Bilk,4,Düsseldorf,"{'type': 'Point', 'coordinates': [6.775578, 51.207994]}"
Düsseldorf-Bilk,4,Düsseldorf,"{'type': 'Point', 'coordinates': [6.775578, 51.207994]}"
Düsseldorf-Derendorf,4,Düsseldorf,"{'type': 'Point', 'coordinates': [6.794512, 51.247624]}"
Düsseldorf-Reisholz,4,Düsseldorf,"{'type': 'Point', 'coordinates': [6.860953, 51.180782]}"
Düsseldorf-Reisholz,4,Düsseldorf,"{'type': 'Point', 'coordinates': [6.860953, 51.180782]}"
Düsseldorf-Unterrath,4,Düsseldorf,"{'type': 'Point', 'coordinates': [6.788783, 51.276732]}"
Eberbach,3,Eberbach,"{'type': 'Point', 'coordinates': [8.984152, 49.465768]}"
Ebersbach (Fils),4,Ebersbach (Fils),"{'type': 'Point', 'coordinates': [9.526582, 48.71612]}"
Ebersberg (Oberbay),4,Ebersberg (Oberbay),"{'type': 'Point', 'coordinates': [11.970243, 48.07497]}"
Eberswalde Hbf,3,Eberswalde,"{'type': 'Point', 'coordinates': [13.797062, 52.834021]}"
Echterdingen,4,Echterdingen,"{'type': 'Point', 'coordinates': [9.169164, 48.692152]}"
Efringen-Kirchen,4,Efringen-Kirchen,"{'type': 'Point', 'coordinates': [7.563918, 47.655619]}"
Eglharting,4,Kirchseeon,"{'type': 'Point', 'coordinates': [11.864291, 48.082348]}"
Ehingen (Donau),4,Ehingen (Donau),"{'type': 'Point', 'coordinates': [9.72434, 48.285677]}"
Ehningen (b Böblingen),4,Ehningen ,"{'type': 'Point', 'coordinates': [8.94426, 48.662682]}"
Eichenberg,4,Neu-Eichenberg,"{'type': 'Point', 'coordinates': [9.921482, 51.374823]}"
Eichstätt Bahnhof,4,Eichstätt,"{'type': 'Point', 'coordinates': [11.16365, 48.869879]}"
Eidelstedt (S-Bahn),3,Hamburg,"{'type': 'Point', 'coordinates': [9.907097, 53.595887]}"
Eidelstedt (S-Bahn),3,Hamburg,"{'type': 'Point', 'coordinates': [9.907097, 53.595887]}"
Eilenburg,4,Eilenburg,"{'type': 'Point', 'coordinates': [12.6370132, 51.4518507]}"
Eisenach,3,Eisenach,"{'type': 'Point', 'coordinates': [10.331986, 50.976922]}"
Eisenach,3,Eisenach,"{'type': 'Point', 'coordinates': [10.331986, 50.976922]}"
Eislingen (Fils),4,Eislingen (Fils),"{'type': 'Point', 'coordinates': [9.705147, 48.696494]}"
Elbgaustraße (S-Bahn),4,Hamburg,"{'type': 'Point', 'coordinates': [9.893738, 53.602575]}"
Elbgaustraße (S-Bahn),4,Hamburg,"{'type': 'Point', 'coordinates': [9.893738, 53.602575]}"
Elmshorn,3,Elmshorn,"{'type': 'Point', 'coordinates': [9.659408, 53.754025]}"
Elmshorn,3,Elmshorn,"{'type': 'Point', 'coordinates': [9.659408, 53.754025]}"
Elsterwerda,4,Elsterwerda,"{'type': 'Point', 'coordinates': [13.516428, 51.459677]}"
Elze (Han),4,Elze ,"{'type': 'Point', 'coordinates': [9.746894, 52.120147]}"
Emden Hbf,3,Emden,"{'type': 'Point', 'coordinates': [7.195176, 53.369036]}"
Emmendingen,4,Emmendingen,"{'type': 'Point', 'coordinates': [7.847511, 48.119454]}"
Emmerich,4,Emmerich,"{'type': 'Point', 'coordinates': [6.25648, 51.834175]}"
Emsdetten,4,Emsdetten,"{'type': 'Point', 'coordinates': [7.531528, 52.17675]}"
Endersbach,4,Weinstadt,"{'type': 'Point', 'coordinates': [9.370228, 48.813153]}"
Engen,4,Engen ,"{'type': 'Point', 'coordinates': [8.772786, 47.856347]}"
Erbach (Württ),4,Erbach (Württ),"{'type': 'Point', 'coordinates': [9.894833, 48.325902]}"
Erftstadt,4,Erftstadt,"{'type': 'Point', 'coordinates': [6.832955, 50.807093]}"
Erftstadt,4,Erftstadt,"{'type': 'Point', 'coordinates': [6.832955, 50.807093]}"
Erfurt Hbf,2,Erfurt,"{'type': 'Point', 'coordinates': [11.038499, 50.972551]}"
Erkelenz,4,Erkelenz,"{'type': 'Point', 'coordinates': [6.32172, 51.076564]}"
Erkner,3,Erkner,"{'type': 'Point', 'coordinates': [13.7522435, 52.4275606]}"
Erlangen,3,Erlangen,"{'type': 'Point', 'coordinates': [11.0016382, 49.5958303]}"
Erzhausen,4,Erzhausen,"{'type': 'Point', 'coordinates': [8.650807, 49.950731]}"
Erzingen (Baden),4,Klettgau,"{'type': 'Point', 'coordinates': [8.430123, 47.659541]}"
Eschhofen,4,Limburg a. d. Lahn,"{'type': 'Point', 'coordinates': [8.10492, 50.393586]}"
Eschweiler Hbf,4,Eschweiler,"{'type': 'Point', 'coordinates': [6.251937, 50.813532]}"
Essen Hbf,1,Essen,"{'type': 'Point', 'coordinates': [7.014793, 51.451355]}"
Essen Stadtwald,4,Essen,"{'type': 'Point', 'coordinates': [7.023296, 51.422853]}"
Essen West,4,Essen,"{'type': 'Point', 'coordinates': [6.979798, 51.454497]}"
Essen-Frohnhausen,4,Essen,"{'type': 'Point', 'coordinates': [6.965285, 51.455113]}"
Essen-Steele,4,Essen,"{'type': 'Point', 'coordinates': [7.075552, 51.450684]}"
Essen-Steele Ost,4,Essen,"{'type': 'Point', 'coordinates': [7.088561, 51.444201]}"
Esslingen (Neckar),3,Esslingen am Neckar,"{'type': 'Point', 'coordinates': [9.30008, 48.73881]}"
Esslingen-Mettingen,3,Esslingen am Neckar,"{'type': 'Point', 'coordinates': [9.27583, 48.747083]}"
Esslingen-Zell,4,Esslingen am Neckar,"{'type': 'Point', 'coordinates': [9.359389, 48.724328]}"
Esting,4,Esting,"{'type': 'Point', 'coordinates': [11.317322, 48.212196]}"
Etelsen,4,Langwedel,"{'type': 'Point', 'coordinates': [9.123745, 52.999203]}"
Euskirchen,3,Euskirchen,"{'type': 'Point', 'coordinates': [6.792193, 50.65776]}"
Eutingen im Gäu,4,Eutingen im Gäu,"{'type': 'Point', 'coordinates': [8.782236, 48.479952]}"
Evershagen,4,Rostock,"{'type': 'Point', 'coordinates': [12.068507, 54.123552]}"
Falkenberg (Elster),3,Falkenberg (Elster),"{'type': 'Point', 'coordinates': [13.247685, 51.58362]}"
Falkenberg (Elster),3,Falkenberg (Elster),"{'type': 'Point', 'coordinates': [13.247685, 51.58362]}"
Fellbach,3,Fellbach,"{'type': 'Point', 'coordinates': [9.269978, 48.820049]}"
Feucht,3,Feucht,"{'type': 'Point', 'coordinates': [11.204207, 49.381947]}"
Finnentrop,4,Finnentrop,"{'type': 'Point', 'coordinates': [7.964563, 51.173048]}"
Flensburg,3,Flensburg,"{'type': 'Point', 'coordinates': [9.436526, 54.774039]}"
Flöha,4,Flöha,"{'type': 'Point', 'coordinates': [13.075152, 50.854355]}"
Flörsheim (Main),4,Flörsheim (Main),"{'type': 'Point', 'coordinates': [8.431013, 50.017211]}"
Flughafen Köln/Bonn,3,Köln,"{'type': 'Point', 'coordinates': [7.119302, 50.878901]}"
Flughafen Leipzig/Halle,3,Schkeuditz,"{'type': 'Point', 'coordinates': [12.223426, 51.423338]}"
Flughafen München,4,Oberding,"{'type': 'Point', 'coordinates': [11.78597, 48.353728]}"
Flughafen München Besucherpark,4,Freising,"{'type': 'Point', 'coordinates': [11.764185, 48.352095]}"
Forchheim (Oberfr),4,Forchheim (Oberfr),"{'type': 'Point', 'coordinates': [11.069859, 49.71707]}"
Frankenthal Hbf,4,Frankenthal,"{'type': 'Point', 'coordinates': [8.349702, 49.535567]}"
Frankenthal-Süd,4,Frankenthal,"{'type': 'Point', 'coordinates': [8.349558, 49.522649]}"
Frankfurt (Main) Flughafen Regionalbahnhof,3,Frankfurt am Main,"{'type': 'Point', 'coordinates': [8.571251, 50.051219]}"
Frankfurt (Main) Galluswarte,4,Frankfurt am Main,"{'type': 'Point', 'coordinates': [8.64472, 50.10403]}"
Frankfurt (Main) Hauptwache,3,Frankfurt am Main,"{'type': 'Point', 'coordinates': [8.678947, 50.113926]}"
Frankfurt (Main) Hbf,1,Frankfurt am Main,"{'type': 'Point', 'coordinates': [8.663789, 50.107145]}"
Frankfurt (Main) Hbf,1,Frankfurt am Main,"{'type': 'Point', 'coordinates': [8.663789, 50.107145]}"
Frankfurt (Main) Konstablerwache,3,Frankfurt am Main,"{'type': 'Point', 'coordinates': [8.687098, 50.114623]}"
Frankfurt (Main) Lokalbahnhof,4,Frankfurt am Main,"{'type': 'Point', 'coordinates': [8.693025, 50.102171]}"
Frankfurt (Main) Mühlberg,4,Frankfurt am Main,"{'type': 'Point', 'coordinates': [8.701504, 50.101609]}"
Frankfurt (Main) Niederrad,3,Frankfurt am Main,"{'type': 'Point', 'coordinates': [8.637075, 50.081283]}"
Frankfurt (Main) Ostendstraße,3,Frankfurt am Main,"{'type': 'Point', 'coordinates': [8.696987, 50.112562]}"
Frankfurt (Main) Sportfeld,3,Frankfurt am Main,"{'type': 'Point', 'coordinates': [8.633247, 50.068228]}"
Frankfurt (Main) Stresemannallee,4,Frankfurt am Main,"{'type': 'Point', 'coordinates': [8.671248, 50.094438]}"
Frankfurt (Main) Süd,2,Frankfurt am Main,"{'type': 'Point', 'coordinates': [8.686457, 50.099365]}"
Frankfurt (Main) Taunusanlage,3,Frankfurt am Main,"{'type': 'Point', 'coordinates': [8.668864, 50.113565]}"
Frankfurt (Main) West,3,Frankfurt am Main,"{'type': 'Point', 'coordinates': [8.639335, 50.118864]}"
Frankfurt (Main) West,3,Frankfurt am Main,"{'type': 'Point', 'coordinates': [8.639335, 50.118864]}"
Frankfurt (Oder),3,Frankfurt (Oder),"{'type': 'Point', 'coordinates': [14.546496, 52.336416]}"
Frankfurt (Oder),3,Frankfurt (Oder),"{'type': 'Point', 'coordinates': [14.546496, 52.336416]}"
Frankfurt am Main Flughafen Fernbahnhof,3,Frankfurt am Main,"{'type': 'Point', 'coordinates': [8.570185, 50.053167]}"
Frankfurt am Main Messe,4,Frankfurt am Main,"{'type': 'Point', 'coordinates': [8.643374, 50.112004]}"
Frankfurt am Main Stadion,3,Frankfurt am Main,"{'type': 'Point', 'coordinates': [8.633247, 50.068228]}"
Frankfurt-Frankfurter Berg,4,Frankfurt am Main,"{'type': 'Point', 'coordinates': [8.676551, 50.170266]}"
Frankfurt-Griesheim,4,Frankfurt am Main,"{'type': 'Point', 'coordinates': [8.606394, 50.094334]}"
Frankfurt-Höchst,3,Frankfurt am Main,"{'type': 'Point', 'coordinates': [8.54237, 50.102634]}"
Frankfurt-Louisa,4,Frankfurt am Main,"{'type': 'Point', 'coordinates': [8.670369, 50.083956]}"
Frankfurt-Rödelheim,3,Frankfurt am Main,"{'type': 'Point', 'coordinates': [8.607026, 50.124615]}"
Freiberg (Sachs),4,Freiberg ,"{'type': 'Point', 'coordinates': [13.344141, 50.908725]}"
Freiburg (Breisgau) Hbf,2,Freiburg,"{'type': 'Point', 'coordinates': [7.84117, 47.997697]}"
Freilassing,3,Freilassing,"{'type': 'Point', 'coordinates': [12.977193, 47.836916]}"
Freinsheim,4, Freinsheim,"{'type': 'Point', 'coordinates': [8.205192, 49.501493]}"
Freising,3,Freising,"{'type': 'Point', 'coordinates': [11.744539, 48.395195]}"
Freital-Deuben,4,Freital,"{'type': 'Point', 'coordinates': [13.646432, 50.999358]}"
Friedberg (Hess),3,Friedberg (Hessen),"{'type': 'Point', 'coordinates': [8.762056, 50.332606]}"
Friedenau,4,Berlin,"{'type': 'Point', 'coordinates': [13.341388, 52.470586]}"
Friedrichsberg (S-Bahn),4,Hamburg,"{'type': 'Point', 'coordinates': [10.057433, 53.576328]}"
Friedrichsdorf (Taunus),4,Friedrichsdorf (Taunus),"{'type': 'Point', 'coordinates': [8.644776, 50.25249]}"
Friedrichsfelde Ost,4,Berlin,"{'type': 'Point', 'coordinates': [13.520254, 52.514169]}"
Friedrichshafen Stadt,3,Friedrichshafen,"{'type': 'Point', 'coordinates': [9.4739, 47.653224]}"
Fröndenberg,4,Fröndenberg (Ruhr),"{'type': 'Point', 'coordinates': [7.762198, 51.471254]}"
Fulda,2,Fulda,"{'type': 'Point', 'coordinates': [9.683977, 50.554723]}"
Fürstenfeldbruck,4,Fürstenfeldbruck,"{'type': 'Point', 'coordinates': [11.262148, 48.171656]}"
Fürstenwalde (Spree),4,Fürstenwalde (Spree),"{'type': 'Point', 'coordinates': [14.05964, 52.366858]}"
Fürth (Bay) Hbf,2,Fürth,"{'type': 'Point', 'coordinates': [10.989988, 49.469707]}"
Garmisch-Partenkirchen,3,Garmisch-Partenkirchen,"{'type': 'Point', 'coordinates': [11.097013, 47.491452]}"
Gau Algesheim,4,Gau Algesheim,"{'type': 'Point', 'coordinates': [8.016065, 49.961432]}"
Gauting,4,Gauting,"{'type': 'Point', 'coordinates': [11.376146, 48.070658]}"
Geislingen (Steige),4,Geislingen (Steige),"{'type': 'Point', 'coordinates': [9.841941, 48.619358]}"
Geithain,4,Geithain,"{'type': 'Point', 'coordinates': [12.697455, 51.058217]}"
Gelnhausen,4,Gelnhausen,"{'type': 'Point', 'coordinates': [9.189278, 50.196343]}"
Gelsenkirchen Hbf,2,Gelsenkirchen,"{'type': 'Point', 'coordinates': [7.102455, 51.504903]}"
Gelsenkirchen Hbf,2,Gelsenkirchen,"{'type': 'Point', 'coordinates': [7.102455, 51.504903]}"
Geltendorf,3,Geltendorf,"{'type': 'Point', 'coordinates': [11.0374552, 48.1059912]}"
Gemünden (Main),4,Gemünden (Main),"{'type': 'Point', 'coordinates': [9.699894, 50.050018]}"
Gengenbach,4,Gengenbach,"{'type': 'Point', 'coordinates': [8.010192, 48.404659]}"
Genthin,4,Genthin,"{'type': 'Point', 'coordinates': [12.157103, 52.40322]}"
Georgensgmünd,4,Georgensgmünd,"{'type': 'Point', 'coordinates': [11.0161758, 49.1833514]}"
Gera Hbf,3,Gera,"{'type': 'Point', 'coordinates': [12.077092, 50.883421]}"
Germering-Unterpfaffenhofen,4,Germering,"{'type': 'Point', 'coordinates': [11.364023, 48.12887]}"
Gernlinden,4,Maisach,"{'type': 'Point', 'coordinates': [11.300378, 48.212765]}"
Gerolstein,4,Gerolstein,"{'type': 'Point', 'coordinates': [6.660372, 50.224006]}"
Gießen,2,Gießen,"{'type': 'Point', 'coordinates': [8.661462, 50.579059]}"
Gifhorn,4,Gifhorn,"{'type': 'Point', 'coordinates': [10.545284, 52.456155]}"
Gladbeck West,4,Gladbeck,"{'type': 'Point', 'coordinates': [6.976389, 51.574922]}"
Glauchau (Sachs),3,Glauchau ,"{'type': 'Point', 'coordinates': [12.548646, 50.828524]}"
Göppingen,3,Göppingen,"{'type': 'Point', 'coordinates': [9.651969, 48.700027]}"
Görlitz,3,Görlitz,"{'type': 'Point', 'coordinates': [14.97908, 51.146767]}"
Goslar,4,Goslar,"{'type': 'Point', 'coordinates': [10.421436, 51.911573]}"
Gößnitz,4,Gößnitz,"{'type': 'Point', 'coordinates': [12.429301, 50.8932]}"
Gotha,3,Gotha,"{'type': 'Point', 'coordinates': [10.712568, 50.93907]}"
Göttingen,2,Göttingen,"{'type': 'Point', 'coordinates': [9.926072, 51.536815]}"
Graben-Neudorf,3,Graben-Neudorf,"{'type': 'Point', 'coordinates': [8.49063, 49.161797]}"
Gräfelfing,4,Gräfelfing,"{'type': 'Point', 'coordinates': [11.425571, 48.119774]}"
Grafing Bahnhof,3,Grafing,"{'type': 'Point', 'coordinates': [11.940423, 48.043226]}"
Greifswald,4,Greifswald,"{'type': 'Point', 'coordinates': [13.370262, 54.092923]}"
Greifswalder Straße,4,Berlin,"{'type': 'Point', 'coordinates': [13.439561, 52.54002]}"
Greifswalder Straße,4,Berlin,"{'type': 'Point', 'coordinates': [13.439561, 52.54002]}"
Greven,3,Greven,"{'type': 'Point', 'coordinates': [7.599341, 52.089829]}"
Grevenbroich,4,Grevenbroich,"{'type': 'Point', 'coordinates': [6.580447, 51.093701]}"
Griebnitzsee,4,Potsdam,"{'type': 'Point', 'coordinates': [13.1287265, 52.3944323]}"
Gröbenzell,4,Gröbenzell,"{'type': 'Point', 'coordinates': [11.374107, 48.194919]}"
Gronsdorf,4,Haar,"{'type': 'Point', 'coordinates': [11.698619, 48.118401]}"
Groß Gerau-Dornberg,3,Groß Gerau-Dornberg,"{'type': 'Point', 'coordinates': [8.494709, 49.912279]}"
Groß Karben,4,Karben,"{'type': 'Point', 'coordinates': [8.753528, 50.23184]}"
Großkorbetha,4,Großkorbetha,"{'type': 'Point', 'coordinates': [12.022171, 51.267318]}"
Gruiten,4,Haan-Gruiten,"{'type': 'Point', 'coordinates': [7.010546, 51.214559]}"
Gruiten,4,Haan-Gruiten,"{'type': 'Point', 'coordinates': [7.010546, 51.214559]}"
Grunbach,4,Remshalden,"{'type': 'Point', 'coordinates': [9.420029, 48.81036]}"
Grünstadt,4,Grünstadt,"{'type': 'Point', 'coordinates': [8.167962, 49.564384]}"
Günzburg,3,Günzburg,"{'type': 'Point', 'coordinates': [10.2792621, 48.4605626]}"
Gunzenhausen,4,Gunzenhausen,"{'type': 'Point', 'coordinates': [10.755463, 49.120444]}"
Güstrow,3,Güstrow,"{'type': 'Point', 'coordinates': [12.172836, 53.800597]}"
Gütersloh Hbf,3,Gütersloh,"{'type': 'Point', 'coordinates': [8.385071, 51.906941]}"
Haar,4,Haar b. München,"{'type': 'Point', 'coordinates': [11.73115, 48.111413]}"
Hackescher Markt,4,Berlin,"{'type': 'Point', 'coordinates': [13.402364, 52.522622]}"
Hagen Hbf,2,Hagen,"{'type': 'Point', 'coordinates': [7.460249, 51.362747]}"
Halberstadt,3,Halberstadt,"{'type': 'Point', 'coordinates': [11.073452, 51.899309]}"
Halle (Saale) Hbf,2,Halle ,"{'type': 'Point', 'coordinates': [11.987085, 51.477509]}"
Halle-Neustadt,4,Halle,"{'type': 'Point', 'coordinates': [11.920632, 51.480056]}"
Halstenbek (S-Bahn),4,Halstenbek,"{'type': 'Point', 'coordinates': [9.839092, 53.630377]}"
Haltern (Westf),4,Haltern am See,"{'type': 'Point', 'coordinates': [7.184366, 51.737668]}"
Haltern am See,4,Haltern am See,"{'type': 'Point', 'coordinates': [7.184366, 51.737668]}"
Hamburg Airport (Flughafen),4,Hamburg,"{'type': 'Point', 'coordinates': [10.006646, 53.63235]}"
Hamburg Dammtor,2,Hamburg,"{'type': 'Point', 'coordinates': [9.989566, 53.560751]}"
Hamburg Dammtor,2,Hamburg,"{'type': 'Point', 'coordinates': [9.989566, 53.560751]}"
Hamburg Hbf,1,Hamburg,"{'type': 'Point', 'coordinates': [10.006909, 53.552736]}"
Hamburg Hbf,1,Hamburg,"{'type': 'Point', 'coordinates': [10.006909, 53.552736]}"
Hamburg-Altona,1,Hamburg,"{'type': 'Point', 'coordinates': [9.935175, 53.552695]}"
Hamburg-Altona,1,Hamburg,"{'type': 'Point', 'coordinates': [9.935175, 53.552695]}"
Hamburg-Bergedorf,3,Hamburg,"{'type': 'Point', 'coordinates': [10.206171, 53.489832]}"
Hamburg-Bergedorf,3,Hamburg,"{'type': 'Point', 'coordinates': [10.206171, 53.489832]}"
Hamburg-Harburg,2,Hamburg,"{'type': 'Point', 'coordinates': [9.991701, 53.455908]}"
Hamburg-Harburg,2,Hamburg,"{'type': 'Point', 'coordinates': [9.991701, 53.455908]}"
Hamburg-Neugraben,3,Hamburg,"{'type': 'Point', 'coordinates': [9.852048, 53.474143]}"
Hamburg-Neugraben,3,Hamburg,"{'type': 'Point', 'coordinates': [9.852048, 53.474143]}"
Hamburg-Rahlstedt,4,Hamburg,"{'type': 'Point', 'coordinates': [10.154396, 53.604857]}"
Hamburg-Tonndorf,4,Hamburg,"{'type': 'Point', 'coordinates': [10.12305, 53.586385]}"
Hamburg-Wandsbek,4,Hamburg-Marienthal,"{'type': 'Point', 'coordinates': [10.077224, 53.569971]}"
Hameln,3,Hameln,"{'type': 'Point', 'coordinates': [9.375906, 52.10185]}"
Hamm (Westf),2,Hamm ,"{'type': 'Point', 'coordinates': [7.807821, 51.678078]}"
Hammerbrook (S-Bahn),4,Hamburg,"{'type': 'Point', 'coordinates': [10.02361, 53.54661]}"
Hanau Hbf,2,Hanau,"{'type': 'Point', 'coordinates': [8.929, 50.120953]}"
Hanau Hbf,2,Hanau,"{'type': 'Point', 'coordinates': [8.929, 50.120953]}"
Hanau Hbf,2,Hanau,"{'type': 'Point', 'coordinates': [8.929, 50.120953]}"
Hannover–Ledeburg,4,Hannover,"{'type': 'Point', 'coordinates': [9.691117, 52.408787]}"
Hannover–Ledeburg,4,Hannover,"{'type': 'Point', 'coordinates': [9.691117, 52.408787]}"
Hannover–Vinnhorst,4,Hannover,"{'type': 'Point', 'coordinates': [9.707729, 52.424043]}"
Hannover Bismarckstraße,4,Hannover,"{'type': 'Point', 'coordinates': [9.769728, 52.356456]}"
Hannover Hbf,1,Hannover,"{'type': 'Point', 'coordinates': [9.741021, 52.376761]}"
Hannover Karl-Wiechert-Allee,4,Hannover,"{'type': 'Point', 'coordinates': [9.808116, 52.374417]}"
Hannover-Flughafen,4,Langenhagen,"{'type': 'Point', 'coordinates': [9.699105, 52.458725]}"
Hannover-Linden,4,Hannover,"{'type': 'Point', 'coordinates': [9.723114, 52.352636]}"
Hannover-Messe / Laatzen,4,Laatzen,"{'type': 'Point', 'coordinates': [9.792863, 52.316899]}"
Hannover-Messe / Laatzen,4,Laatzen,"{'type': 'Point', 'coordinates': [9.792863, 52.316899]}"
Hannover-Messe / Laatzen,4,Laatzen,"{'type': 'Point', 'coordinates': [9.792863, 52.316899]}"
Hannover-Nordstadt,4,Hannover,"{'type': 'Point', 'coordinates': [9.717763, 52.393845]}"
Harburg Rathaus (S-Bahn),3,Hamburg,"{'type': 'Point', 'coordinates': [9.980463, 53.460694]}"
Hasselbrook (S-Bahn),4,Hamburg,"{'type': 'Point', 'coordinates': [10.056129, 53.564711]}"
Hasselbrook (S-Bahn),4,Hamburg,"{'type': 'Point', 'coordinates': [10.056129, 53.564711]}"
Haßloch (Pfalz),4,Haßloch,"{'type': 'Point', 'coordinates': [8.253396, 49.371956]}"
Haste (Han),4,Haste,"{'type': 'Point', 'coordinates': [9.389097, 52.379656]}"
Hausach,4,Hausach,"{'type': 'Point', 'coordinates': [8.181665, 48.284924]}"
Heide (Holst),3,Heide,"{'type': 'Point', 'coordinates': [9.101029, 54.193563]}"
Heidelberg Hbf,2,Heidelberg,"{'type': 'Point', 'coordinates': [8.675442, 49.403567]}"
Heidelberg Karlstor,4,Heidelberg,"{'type': 'Point', 'coordinates': [8.720887, 49.415237]}"
Heidelberg-Altstadt,4,Heidelberg,"{'type': 'Point', 'coordinates': [8.720887, 49.415237]}"
Heidelberg-Kirchheim/Rohrbach,4,Heidelberg-Kirchheim,"{'type': 'Point', 'coordinates': [8.675383, 49.379389]}"
Heidelberg-Pfaffengrund/Wieblingen,4,Heidelberg-Wieblingen,"{'type': 'Point', 'coordinates': [8.64157, 49.411929]}"
Heidelberg-Pfaffengrund/Wieblingen,4,Heidelberg-Wieblingen,"{'type': 'Point', 'coordinates': [8.64157, 49.411929]}"
Heidelberger Platz,4,Berlin,"{'type': 'Point', 'coordinates': [13.312018, 52.479972]}"
Heidenau,4,Heidenau,"{'type': 'Point', 'coordinates': [13.857887, 50.981859]}"
Heidenheim,4,Heidenheim,"{'type': 'Point', 'coordinates': [10.156642, 48.68017]}"
Heilbad Heiligenstadt,4,Heilbad Heiligenstadt ,"{'type': 'Point', 'coordinates': [10.1245183, 51.3773156]}"
Heilbronn Hbf,2,Heilbronn,"{'type': 'Point', 'coordinates': [9.207715, 49.143306]}"
Heilbronn Hbf,2,Heilbronn,"{'type': 'Point', 'coordinates': [9.207715, 49.143306]}"
Heilbronn Hbf,2,Heilbronn,"{'type': 'Point', 'coordinates': [9.207715, 49.143306]}"
Heiligensee,4,Berlin,"{'type': 'Point', 'coordinates': [13.229278, 52.624586]}"
Heimfeld (S-Bahn),4,Hamburg,"{'type': 'Point', 'coordinates': [9.963187, 53.465481]}"
Helmstedt,4,Helmstedt,"{'type': 'Point', 'coordinates': [11.010553, 52.222086]}"
Hennef (Sieg),4,Hennef (Sieg),"{'type': 'Point', 'coordinates': [7.284592, 50.773332]}"
Hennigsdorf (b Berlin),3,Hennigsdorf,"{'type': 'Point', 'coordinates': [13.2053357, 52.6382034]}"
Herborn (Dillkr),4,Herborn,"{'type': 'Point', 'coordinates': [8.30814, 50.684405]}"
Herford,2,Herford,"{'type': 'Point', 'coordinates': [8.663643, 52.119609]}"
Hermannstraße,4,Berlin,"{'type': 'Point', 'coordinates': [13.431313, 52.46751]}"
Herne,3,Herne,"{'type': 'Point', 'coordinates': [7.21783, 51.543652]}"
Herrenberg,3,Herrenberg,"{'type': 'Point', 'coordinates': [8.862662, 48.593991]}"
Hersbruck (rechts Pegnitz),4,Hersbruck,"{'type': 'Point', 'coordinates': [11.423826, 49.510073]}"
Herzogenrath,3,Herzogenrath,"{'type': 'Point', 'coordinates': [6.094486, 50.870916]}"
Herzogenrath,3,Herzogenrath,"{'type': 'Point', 'coordinates': [6.094486, 50.870916]}"
Hilden,4,Hilden ,"{'type': 'Point', 'coordinates': [6.922006, 51.16702]}"
Hildesheim Hbf,2,Hildesheim,"{'type': 'Point', 'coordinates': [9.953497, 52.160626]}"
Hirschhorn (Neckar),4,Hirschhorn (Neckar),"{'type': 'Point', 'coordinates': [8.896055, 49.442668]}"
Hochkamp (S-Bahn),4,Hamburg,"{'type': 'Point', 'coordinates': [9.842076, 53.56137]}"
Hochspeyer,4,Hochspeyer,"{'type': 'Point', 'coordinates': [7.904244, 49.443993]}"
Hockenheim,4,Hockenheim,"{'type': 'Point', 'coordinates': [8.537385, 49.317414]}"
Hof Hbf,3,Hof,"{'type': 'Point', 'coordinates': [11.923067, 50.307743]}"
Hofgeismar,4,Hofgeismar,"{'type': 'Point', 'coordinates': [9.395461, 51.499186]}"
Hofheim (Taunus),4,Hofheim (Taunus),"{'type': 'Point', 'coordinates': [8.443842, 50.084471]}"
Hoheneichen (S-Bahn),4,Hamburg,"{'type': 'Point', 'coordinates': [10.067648, 53.635478]}"
Hoheneichen (S-Bahn),4,Hamburg,"{'type': 'Point', 'coordinates': [10.067648, 53.635478]}"
Hohenzollerndamm,4,Berlin,"{'type': 'Point', 'coordinates': [13.300257, 52.488556]}"
Holstenstraße (S-Bahn),4,Hamburg,"{'type': 'Point', 'coordinates': [9.949741, 53.561762]}"
Holzkirchen,3,Holzkirchen,"{'type': 'Point', 'coordinates': [11.697234, 47.884384]}"
Holzminden,4,Holzminden,"{'type': 'Point', 'coordinates': [9.453743, 51.820268]}"
Homburg (Saar) Hbf,3,Homburg (Saar),"{'type': 'Point', 'coordinates': [7.337035, 49.328082]}"
Hoppegarten (Mark),4,Hoppegarten,"{'type': 'Point', 'coordinates': [13.672956, 52.518122]}"
Horb,3,Horb,"{'type': 'Point', 'coordinates': [8.688982, 48.441471]}"
Horrem,3,Kerpen,"{'type': 'Point', 'coordinates': [6.713497, 50.916249]}"
Horrem,3,Kerpen,"{'type': 'Point', 'coordinates': [6.713497, 50.916249]}"
Hückelhoven-Baal,4,Hückelhoven-Baal,"{'type': 'Point', 'coordinates': [6.274149, 51.033457]}"
Hude,4,Hude,"{'type': 'Point', 'coordinates': [8.460956, 53.109429]}"
Humboldthain,4,Berlin,"{'type': 'Point', 'coordinates': [13.379277, 52.544795]}"
Hürth-Kalscheuren,4,Hürth-Kalscheuren,"{'type': 'Point', 'coordinates': [6.910223, 50.875671]}"
Husum,3,Husum,"{'type': 'Point', 'coordinates': [9.055026, 54.472271]}"
Ibbenbüren,4,Ibbenbüren,"{'type': 'Point', 'coordinates': [7.721486, 52.276867]}"
Idar-Oberstein,4,Idar-Oberstein,"{'type': 'Point', 'coordinates': [7.32123, 49.699368]}"
Immendingen,4,Immendingen,"{'type': 'Point', 'coordinates': [8.729536, 47.936007]}"
Immenstadt,4,Immenstadt,"{'type': 'Point', 'coordinates': [10.213999, 47.559203]}"
Ingelheim,4,Ingelheim,"{'type': 'Point', 'coordinates': [8.053716, 49.976277]}"
Ingolstadt Hbf,2,Ingolstadt,"{'type': 'Point', 'coordinates': [11.437337, 48.744541]}"
Ingolstadt Nord,3,Ingolstadt,"{'type': 'Point', 'coordinates': [11.4322495, 48.7736902]}"
Innsbrucker Platz,4,Berlin,"{'type': 'Point', 'coordinates': [13.342197, 52.478084]}"
Ismaning,4,Ismaning,"{'type': 'Point', 'coordinates': [11.679489, 48.226012]}"
Itzehoe,3,Itzehoe,"{'type': 'Point', 'coordinates': [9.510287, 53.923873]}"
Jannowitzbrücke,4,Berlin,"{'type': 'Point', 'coordinates': [13.419347, 52.51427]}"
Jena Paradies,3,Jena,"{'type': 'Point', 'coordinates': [11.587461, 50.924856]}"
Jena West,3,Jena,"{'type': 'Point', 'coordinates': [11.577848, 50.923286]}"
Jena-Göschwitz,4,Jena,"{'type': 'Point', 'coordinates': [11.593537, 50.883942]}"
Jungfernheide,4,Berlin,"{'type': 'Point', 'coordinates': [13.299437, 52.530276]}"
Jungfernheide,4,Berlin,"{'type': 'Point', 'coordinates': [13.299437, 52.530276]}"
Jungfernstieg (S-Bahn),4,Hamburg,"{'type': 'Point', 'coordinates': [9.993883, 53.552194]}"
Jungfernstieg (S-Bahn),4,Hamburg,"{'type': 'Point', 'coordinates': [9.993883, 53.552194]}"
Jüterbog,4,Jüterbog,"{'type': 'Point', 'coordinates': [13.054353, 51.997509]}"
Kahl (Main),4,Kahl (Main),"{'type': 'Point', 'coordinates': [9.005468, 50.07687]}"
Kaiserslautern Hbf,2,Kaiserslautern,"{'type': 'Point', 'coordinates': [7.768716, 49.436137]}"
Kamen,4,Kamen,"{'type': 'Point', 'coordinates': [7.661, 51.585224]}"
Karlsruhe Hbf,1,Karlsruhe,"{'type': 'Point', 'coordinates': [8.402181, 48.993515]}"
Karlsruhe-Durlach,3,Karlsruhe,"{'type': 'Point', 'coordinates': [8.462822, 49.002328]}"
Karlsruhe-Durlach,3,Karlsruhe,"{'type': 'Point', 'coordinates': [8.462822, 49.002328]}"
Karlstadt (Main),4,Karlstadt (Main),"{'type': 'Point', 'coordinates': [9.768148, 49.962899]}"
Karthaus,4,Konz,"{'type': 'Point', 'coordinates': [6.596854, 49.71034]}"
Kassel Hbf,2,Kassel,"{'type': 'Point', 'coordinates': [9.489501, 51.31826]}"
Kassel-Wilhelmshöhe,2,Kassel,"{'type': 'Point', 'coordinates': [9.446898, 51.313114]}"
Kaufbeuren,4,Kaufbeuren,"{'type': 'Point', 'coordinates': [10.629496, 47.875432]}"
Kaufering,4,Kaufering,"{'type': 'Point', 'coordinates': [10.854595, 48.080835]}"
Kehl,4,Kehl,"{'type': 'Point', 'coordinates': [7.806556, 48.576658]}"
Kehl,4,Kehl,"{'type': 'Point', 'coordinates': [7.806556, 48.576658]}"
Keitum,4,Sylt/ OT Keitum,"{'type': 'Point', 'coordinates': [8.368969, 54.888814]}"
Kempten (Allgäu) Hbf,3,Kempten ,"{'type': 'Point', 'coordinates': [10.31761, 47.711745]}"
Kettwig,4,Essen,"{'type': 'Point', 'coordinates': [6.953747, 51.363375]}"
Kiefersfelden,4,Kiefersfelden,"{'type': 'Point', 'coordinates': [12.190473, 47.609907]}"
Kiel Hbf,2,Kiel,"{'type': 'Point', 'coordinates': [10.131976, 54.314985]}"
Kiel Hbf,2,Kiel,"{'type': 'Point', 'coordinates': [10.131976, 54.314985]}"
Kirchenlaibach,4,Speichersdorf,"{'type': 'Point', 'coordinates': [11.776325, 49.869904]}"
Kirchhain (Bz Kassel),4,Kirchhain,"{'type': 'Point', 'coordinates': [8.921399, 50.823779]}"
Kirchheim (Teck),4,Kirchheim unter Teck,"{'type': 'Point', 'coordinates': [9.443927, 48.644258]}"
Kirchseeon,4,Kirchseeon,"{'type': 'Point', 'coordinates': [11.887255, 48.0709]}"
Kirchseeon,4,Kirchseeon,"{'type': 'Point', 'coordinates': [11.887255, 48.0709]}"
Kirchweyhe,4,Weyhe,"{'type': 'Point', 'coordinates': [8.847236, 52.983765]}"
Kissing,4,Kissing,"{'type': 'Point', 'coordinates': [10.959553, 48.300922]}"
Klein Flottbek (S-Bahn),4,Hamburg,"{'type': 'Point', 'coordinates': [9.861122, 53.558169]}"
Koblenz Hbf,2,Koblenz,"{'type': 'Point', 'coordinates': [7.588345, 50.350929]}"
Koblenz Stadtmitte,4,Koblenz,"{'type': 'Point', 'coordinates': [7.589985, 50.357714]}"
Köln Frankfurter Straße,4,Köln,"{'type': 'Point', 'coordinates': [7.051262, 50.915219]}"
Köln Frankfurter Straße,4,Köln,"{'type': 'Point', 'coordinates': [7.051262, 50.915219]}"
Köln Geldernstr/Parkgürtel,4,Köln,"{'type': 'Point', 'coordinates': [6.941413, 50.968551]}"
Köln Hansaring,4,Köln,"{'type': 'Point', 'coordinates': [6.952565, 50.949131]}"
Köln Hbf,1,Köln,"{'type': 'Point', 'coordinates': [6.958729, 50.94303]}"
Köln Steinstraße,4,Köln,"{'type': 'Point', 'coordinates': [7.057173, 50.895558]}"
Köln Süd,4,Köln,"{'type': 'Point', 'coordinates': [6.938059, 50.9273]}"
Köln Trimbornstrasse,4,Köln-Kalk,"{'type': 'Point', 'coordinates': [6.996734, 50.935857]}"
Köln West,4,Köln,"{'type': 'Point', 'coordinates': [6.934389, 50.943665]}"
Köln-Chorweiler,4,Köln,"{'type': 'Point', 'coordinates': [6.897824, 51.021126]}"
Köln-Chorweiler Nord,4,Köln,"{'type': 'Point', 'coordinates': [6.892772, 51.028126]}"
Köln-Dellbrück,4,Köln,"{'type': 'Point', 'coordinates': [7.070124, 50.981437]}"
Köln-Deutz,1,Köln,"{'type': 'Point', 'coordinates': [6.975001, 50.940874]}"
Köln-Deutz,1,Köln,"{'type': 'Point', 'coordinates': [6.975001, 50.940874]}"
Köln-Deutz,1,Köln,"{'type': 'Point', 'coordinates': [6.975001, 50.940874]}"
Köln-Ehrenfeld,3,Köln,"{'type': 'Point', 'coordinates': [6.917276, 50.951533]}"
Köln-Ehrenfeld,3,Köln,"{'type': 'Point', 'coordinates': [6.917276, 50.951533]}"
Köln-Ehrenfeld,3,Köln,"{'type': 'Point', 'coordinates': [6.917276, 50.951533]}"
Köln-Hansaring,4,Köln,"{'type': 'Point', 'coordinates': [6.952565, 50.949131]}"
Köln-Longerich,4,Köln,"{'type': 'Point', 'coordinates': [6.901557, 50.997736]}"
Köln-Mülheim,3,Köln-Mülheim,"{'type': 'Point', 'coordinates': [7.013295, 50.957986]}"
Köln-Trimbornstrasse,4,Köln-Kalk,"{'type': 'Point', 'coordinates': [6.996734, 50.935857]}"
Königs Wusterhausen,4,Königs Wusterhausen,"{'type': 'Point', 'coordinates': [13.631472, 52.296635]}"
Königslutter,4,Königslutter,"{'type': 'Point', 'coordinates': [10.812489, 52.257166]}"
Königstraße (S-Bahn),4,Hamburg,"{'type': 'Point', 'coordinates': [9.944088, 53.547796]}"
Königstraße (S-Bahn),4,Hamburg,"{'type': 'Point', 'coordinates': [9.944088, 53.547796]}"
Königswinter,4,Königswinter,"{'type': 'Point', 'coordinates': [7.193592, 50.678638]}"
Konstanz,3,Konstanz,"{'type': 'Point', 'coordinates': [9.177312, 47.658754]}"
Korntal,4,Korntal,"{'type': 'Point', 'coordinates': [9.121168, 48.826416]}"
Kornwestheim Pbf,3,Kornwestheim,"{'type': 'Point', 'coordinates': [9.179964, 48.862219]}"
Köthen,3,Köthen,"{'type': 'Point', 'coordinates': [11.989358, 51.751929]}"
Krefeld Hbf,3,Krefeld,"{'type': 'Point', 'coordinates': [6.569885, 51.325717]}"
Krefeld-Oppum,4,Krefeld,"{'type': 'Point', 'coordinates': [6.61009, 51.329749]}"
Kreiensen,4,Kreiensen,"{'type': 'Point', 'coordinates': [9.967798, 51.851423]}"
Kreuztal,4,Kreuztal,"{'type': 'Point', 'coordinates': [7.991696, 50.956029]}"
Kriftel,4,Kriftel,"{'type': 'Point', 'coordinates': [8.475448, 50.08228]}"
Krupunder (S-Bahn),4,Halstenbek,"{'type': 'Point', 'coordinates': [9.867762, 53.615823]}"
Kulmbach,4,Kulmbach,"{'type': 'Point', 'coordinates': [11.451889, 50.109822]}"
Lahr (Schwarzw),4,Lahr ,"{'type': 'Point', 'coordinates': [7.834734, 48.340436]}"
Lambrecht (Pfalz),4,Lambrecht,"{'type': 'Point', 'coordinates': [8.074391, 49.373336]}"
Lampertheim,4,Lampertheim,"{'type': 'Point', 'coordinates': [8.478489, 49.598215]}"
Landau (Pfalz) Hbf,4,Landau,"{'type': 'Point', 'coordinates': [8.126204, 49.197741]}"
Landsberger Allee,4,Berlin,"{'type': 'Point', 'coordinates': [13.454567, 52.529593]}"
Landshut (Bay) Hbf,2,Landshut ,"{'type': 'Point', 'coordinates': [12.13593, 48.547492]}"
Landstuhl,3,Landstuhl,"{'type': 'Point', 'coordinates': [7.565931, 49.416287]}"
Landungsbrücken (S-Bahn),4,Hamburg,"{'type': 'Point', 'coordinates': [9.971281, 53.546132]}"
Landwehr (S-Bahn),4,Hamburg,"{'type': 'Point', 'coordinates': [10.038021, 53.561199]}"
Lang Göns,4,Langgöns,"{'type': 'Point', 'coordinates': [8.667091, 50.497939]}"
Langen (Hess),4,Langen,"{'type': 'Point', 'coordinates': [8.656787, 49.993612]}"
Langenfelde (S-Bahn),4,Hamburg,"{'type': 'Point', 'coordinates': [9.93092, 53.579692]}"
Langenhagen Pferdemarkt,4,Langenhagen,"{'type': 'Point', 'coordinates': [9.735882, 52.450993]}"
Langenhagen-Mitte,3,Langenhagen,"{'type': 'Point', 'coordinates': [9.725427, 52.440279]}"
Langenselbold,4,Langenselbold,"{'type': 'Point', 'coordinates': [9.057682, 50.162068]}"
Langwedel,4,Langwedel,"{'type': 'Point', 'coordinates': [9.194981, 52.977881]}"
Lauda,4,Lauda-Königshofen,"{'type': 'Point', 'coordinates': [9.709512, 49.565385]}"
Lauffen (Neckar),4,Lauffen (Neckar),"{'type': 'Point', 'coordinates': [9.146136, 49.076514]}"
Laupheim West,4,Laupheim,"{'type': 'Point', 'coordinates': [9.847854, 48.230008]}"
Leer (Ostfriesl),3,Leer,"{'type': 'Point', 'coordinates': [7.465283, 53.23165]}"
Lehrte,3,Lehrte,"{'type': 'Point', 'coordinates': [9.974599, 52.376722]}"
Leinefelde,3,Leinefelde,"{'type': 'Point', 'coordinates': [10.3287578, 51.3888361]}"
Leinfelden,4,Leinfelden-Echterdingen,"{'type': 'Point', 'coordinates': [9.142866, 48.696506]}"
Leipzig Hbf,1,Leipzig,"{'type': 'Point', 'coordinates': [12.3820639, 51.3454712]}"
Leipzig Messe,3,Leipzig,"{'type': 'Point', 'coordinates': [12.389278, 51.396145]}"
Leipzig Neue Messe,3,Leipzig,"{'type': 'Point', 'coordinates': [12.389278, 51.396145]}"
Leipzig-Gohlis,4,Leipzig,"{'type': 'Point', 'coordinates': [12.374533, 51.362861]}"
Leipzig-Möckern,4,Leipzig,"{'type': 'Point', 'coordinates': [12.352271, 51.364431]}"
Lennestadt-Altenhundem,4,Lennestadt,"{'type': 'Point', 'coordinates': [8.071517, 51.104132]}"
Leonberg,4,Leonberg,"{'type': 'Point', 'coordinates': [9.003853, 48.799646]}"
Letmathe,4,Iserlohn,"{'type': 'Point', 'coordinates': [7.618397, 51.362838]}"
Leverkusen Mitte,4,Leverkusen,"{'type': 'Point', 'coordinates': [6.991661, 51.031514]}"
Leverkusen Mitte,4,Leverkusen,"{'type': 'Point', 'coordinates': [6.991661, 51.031514]}"
Lichtenfels,3,Lichtenfels,"{'type': 'Point', 'coordinates': [11.059472, 50.146452]}"
Lichtenhagen,4,Rostock,"{'type': 'Point', 'coordinates': [12.070866, 54.152403]}"
Limburg (Lahn),3,Limburg,"{'type': 'Point', 'coordinates': [8.062342, 50.384119]}"
Limburg Süd,4,Limburg,"{'type': 'Point', 'coordinates': [8.096112, 50.382498]}"
Limburgerhof,4,Limburgerhof,"{'type': 'Point', 'coordinates': [8.390747, 49.424273]}"
Lindau Hbf,3,Lindau,"{'type': 'Point', 'coordinates': [9.680469, 47.544341]}"
Lindern,4,Geilenkirchen,"{'type': 'Point', 'coordinates': [6.207467, 50.996842]}"
Lingen (Ems),4,Lingen ,"{'type': 'Point', 'coordinates': [7.321731, 52.519867]}"
Linz (Rhein),4,Linz ,"{'type': 'Point', 'coordinates': [7.276032, 50.569335]}"
Lippstadt,4,Lippstadt,"{'type': 'Point', 'coordinates': [8.348785, 51.670687]}"
Löbau (Sachs),4,Löbau,"{'type': 'Point', 'coordinates': [14.671941, 51.099447]}"
Lochham,4,Gräfelfing,"{'type': 'Point', 'coordinates': [11.43089, 48.128247]}"
Löhne (Westf),4,Löhne,"{'type': 'Point', 'coordinates': [8.7135, 52.196653]}"
Lörrach,4,Lörrach,"{'type': 'Point', 'coordinates': [7.66542, 47.614053]}"
Lörrach Hbf,4,Lörrach,"{'type': 'Point', 'coordinates': [7.66542, 47.614053]}"
Lübben (Spreewald),4,Lübben,"{'type': 'Point', 'coordinates': [13.877182, 51.939737]}"
Lübbenau (Spreewald),4,Lübbenau ,"{'type': 'Point', 'coordinates': [13.9609, 51.862169]}"
Lübeck Hbf,2,Lübeck,"{'type': 'Point', 'coordinates': [10.669821, 53.867547]}"
Ludwigsburg,3,Ludwigsburg,"{'type': 'Point', 'coordinates': [9.18542, 48.891862]}"
Ludwigsfelde,4,Ludwigsfelde,"{'type': 'Point', 'coordinates': [13.267319, 52.298098]}"
Ludwigshafen (Rhein) Hbf,2,Ludwigshafen,"{'type': 'Point', 'coordinates': [8.433402, 49.477987]}"
Ludwigshafen (Rhein) Hbf,2,Ludwigshafen,"{'type': 'Point', 'coordinates': [8.433402, 49.477987]}"
Ludwigshafen (Rhein) Mitte,3,Ludwigshafen,"{'type': 'Point', 'coordinates': [8.452152, 49.479005]}"
Ludwigshafen (Rhein) Mitte,3,Ludwigshafen,"{'type': 'Point', 'coordinates': [8.452152, 49.479005]}"
Ludwigshafen-Oggersheim,4,Ludwigshafen,"{'type': 'Point', 'coordinates': [8.381523, 49.493188]}"
Ludwigslust,4,Ludwigslust,"{'type': 'Point', 'coordinates': [11.494491, 53.334671]}"
Lüneburg,2,Lüneburg,"{'type': 'Point', 'coordinates': [10.41989, 53.249656]}"
Lüneburg,2,Lüneburg,"{'type': 'Point', 'coordinates': [10.41989, 53.249656]}"
Lünen Hbf,4,Lünen,"{'type': 'Point', 'coordinates': [7.529485, 51.617129]}"
Lutherstadt Wittenberg,3,Lutherstadt Wittenberg,"{'type': 'Point', 'coordinates': [12.662285, 51.867811]}"
Magdeburg Hbf,2,Magdeburg,"{'type': 'Point', 'coordinates': [11.626891, 52.130349]}"
Magdeburg-Buckau,4,Magdeburg,"{'type': 'Point', 'coordinates': [11.63004, 52.109204]}"
Magdeburg-Neustadt,4,Magdeburg,"{'type': 'Point', 'coordinates': [11.641703, 52.148843]}"
Maintal Ost,4,Maintal,"{'type': 'Point', 'coordinates': [8.836714, 50.14234]}"
Mainz Hbf,2,Mainz,"{'type': 'Point', 'coordinates': [8.25872, 50.001117]}"
Mainz Römisches Theater,3,Mainz,"{'type': 'Point', 'coordinates': [8.277565, 49.993465]}"
Mainz Süd,3,Mainz,"{'type': 'Point', 'coordinates': [8.277565, 49.993465]}"
Mainz-Bischofsheim,4,Bischofsheim,"{'type': 'Point', 'coordinates': [8.35750043, 49.9932258]}"
Mainz-Bischofsheim,4,Bischofsheim,"{'type': 'Point', 'coordinates': [8.35750043, 49.9932258]}"
Mainz-Gustavsburg,4,Ginsheim-Gustavsburg,"{'type': 'Point', 'coordinates': [8.314197, 49.994319]}"
Mainz-Kastel,4,Wiesbaden,"{'type': 'Point', 'coordinates': [8.283174, 50.00658]}"
Maisach,4,Maisach,"{'type': 'Point', 'coordinates': [11.256393, 48.214147]}"
Mammendorf-Nannhofen,4,Mammendorf,"{'type': 'Point', 'coordinates': [11.174618, 48.216826]}"
Mammendorf-Nannhofen,4,Mammendorf,"{'type': 'Point', 'coordinates': [11.174618, 48.216826]}"
Mannheim Hbf,2,Mannheim,"{'type': 'Point', 'coordinates': [8.468921, 49.479354]}"
Mannheim-Friedrichsfeld,4,Mannheim,"{'type': 'Point', 'coordinates': [8.580125, 49.44867]}"
Mannheim-Friedrichsfeld Süd,4,Mannheim,"{'type': 'Point', 'coordinates': [8.572382, 49.438144]}"
Mannheim-Neckarau,4,Mannheim,"{'type': 'Point', 'coordinates': [8.494792, 49.455545]}"
Mannheim-Seckenheim,4,Mannheim,"{'type': 'Point', 'coordinates': [8.538107, 49.450962]}"
Mannheim-Waldhof,4,Mannheim,"{'type': 'Point', 'coordinates': [8.482603, 49.525661]}"
Marbach (Neckar),4,Marbach am Neckar,"{'type': 'Point', 'coordinates': [9.264452, 48.943685]}"
Marburg (Lahn),2,Marburg,"{'type': 'Point', 'coordinates': [8.775014, 50.819272]}"
Markt Schwaben,3,Markt Schwaben,"{'type': 'Point', 'coordinates': [11.862093, 48.193606]}"
Marktredwitz,3,Marktredwitz,"{'type': 'Point', 'coordinates': [12.082583, 50.004596]}"
Meckenbeuren,4,Meckenbeuren,"{'type': 'Point', 'coordinates': [9.558393, 47.69976]}"
Meckesheim,4,Meckesheim,"{'type': 'Point', 'coordinates': [8.812836, 49.320658]}"
Meiningen,4,Meiningen,"{'type': 'Point', 'coordinates': [10.421205, 50.57407]}"
Melle,4,Melle,"{'type': 'Point', 'coordinates': [8.343221, 52.209257]}"
Memmingen,3,Memmingen,"{'type': 'Point', 'coordinates': [10.186853, 47.985581]}"
Mering,3,Mering,"{'type': 'Point', 'coordinates': [10.988291, 48.262698]}"
Mering-St Afra,4,Mering,"{'type': 'Point', 'coordinates': [10.971202, 48.274282]}"
Merseburg,4,Merseburg,"{'type': 'Point', 'coordinates': [11.990551, 51.356889]}"
Merzig (Saar),4,Merzig (Saar),"{'type': 'Point', 'coordinates': [6.634192, 49.436419]}"
Meschede,4,Meschede,"{'type': 'Point', 'coordinates': [8.279053, 51.349603]}"
Messe Nord / ICC (Witzleben),4,Berlin,"{'type': 'Point', 'coordinates': [13.283445, 52.507525]}"
Metzingen,4,Metzingen,"{'type': 'Point', 'coordinates': [9.290156, 48.539725]}"
Mexikoplatz,4,Berlin,"{'type': 'Point', 'coordinates': [13.232712, 52.436937]}"
Michendorf,4,Michendorf,"{'type': 'Point', 'coordinates': [13.030688, 52.316344]}"
Mindelheim,4,Mindelheim,"{'type': 'Point', 'coordinates': [10.501626, 48.044917]}"
Minden (Westf),3,Minden,"{'type': 'Point', 'coordinates': [8.934728, 52.290138]}"
Mittenwald,4,Mittenwald,"{'type': 'Point', 'coordinates': [11.265705, 47.44003]}"
Mittenwald,4,Mittenwald,"{'type': 'Point', 'coordinates': [11.265705, 47.44003]}"
Mittlerer Landweg (S-Bahn),4,Hamburg,"{'type': 'Point', 'coordinates': [10.131122, 53.498172]}"
Mittlerer Landweg (S-Bahn),4,Hamburg,"{'type': 'Point', 'coordinates': [10.131122, 53.498172]}"
Mönchengladbach Hbf,2,Mönchengladbach,"{'type': 'Point', 'coordinates': [6.446111, 51.196583]}"
Montabaur,4,Montabaur,"{'type': 'Point', 'coordinates': [7.825333, 50.444834]}"
Montabaur,4,Montabaur,"{'type': 'Point', 'coordinates': [7.825333, 50.444834]}"
Moosburg,4,Moosburg,"{'type': 'Point', 'coordinates': [11.930382, 48.47033]}"
Mörfelden,4,Mörfelden - Walldorf,"{'type': 'Point', 'coordinates': [8.565384, 49.979]}"
Mosbach-Neckarelz,3,Mosbach-Neckarelz,"{'type': 'Point', 'coordinates': [9.113093, 49.348484]}"
Mühlacker,4,Mühlacker,"{'type': 'Point', 'coordinates': [8.846101, 48.953192]}"
Mühlhausen (Thür),4,Mühlhausen / Thüringen,"{'type': 'Point', 'coordinates': [10.474041, 51.209193]}"
Mühlheim (Main),4,Mühlheim (Main),"{'type': 'Point', 'coordinates': [8.837646, 50.119277]}"
Mülheim (Ruhr) Hbf,3,Mülheim an der Ruhr,"{'type': 'Point', 'coordinates': [6.88651, 51.431342]}"
Mülheim (Ruhr)-Styrum,3,Mülheim an der Ruhr,"{'type': 'Point', 'coordinates': [6.852636, 51.449203]}"
Müllheim (Baden),4,Müllheim ,"{'type': 'Point', 'coordinates': [7.599332, 47.809743]}"
München Donnersbergerbrücke,3,München,"{'type': 'Point', 'coordinates': [11.536537, 48.142623]}"
München Harras,4,München,"{'type': 'Point', 'coordinates': [11.536311, 48.117747]}"
München Hbf tief,1,München,"{'type': 'Point', 'coordinates': [11.558335, 48.140232]}"
München Hbf,1,München,"{'type': 'Point', 'coordinates': [11.558335, 48.140232]}"
München Hbf,1,München,"{'type': 'Point', 'coordinates': [11.558335, 48.140232]}"
München Hbf,1,München,"{'type': 'Point', 'coordinates': [11.558335, 48.140232]}"
München Heimeranplatz,4,München,"{'type': 'Point', 'coordinates': [11.5315, 48.132961]}"
München Heimeranplatz,4,München,"{'type': 'Point', 'coordinates': [11.5315, 48.132961]}"
München Isartor,4,München,"{'type': 'Point', 'coordinates': [11.583234, 48.134202]}"
München Karlsplatz,3,München,"{'type': 'Point', 'coordinates': [11.565619, 48.139452]}"
München Leuchtenbergring,4,München,"{'type': 'Point', 'coordinates': [11.615986, 48.13425]}"
München Marienplatz,3,München,"{'type': 'Point', 'coordinates': [11.575386, 48.137048]}"
München Ost,1,München,"{'type': 'Point', 'coordinates': [11.604971, 48.12744]}"
München Rosenheimer Platz,3,München,"{'type': 'Point', 'coordinates': [11.593049, 48.129168]}"
München Siemenswerke,4,München,"{'type': 'Point', 'coordinates': [11.532799, 48.094503]}"
München-Allach,4,München,"{'type': 'Point', 'coordinates': [11.468036, 48.189932]}"
München-Berg am Laim,4,München,"{'type': 'Point', 'coordinates': [11.633295, 48.134001]}"
München-Freiham,4,München,"{'type': 'Point', 'coordinates': [11.410112, 48.14]}"
München-Giesing,3,München,"{'type': 'Point', 'coordinates': [11.596346, 48.110803]}"
München-Hackerbrücke,3,München,"{'type': 'Point', 'coordinates': [11.548572, 48.141969]}"
München-Hirschgarten,3,München,"{'type': 'Point', 'coordinates': [11.519245, 48.14354]}"
München-Karlsfeld,4,München,"{'type': 'Point', 'coordinates': [11.459568, 48.211179]}"
München-Laim Pbf,3,München,"{'type': 'Point', 'coordinates': [11.503669, 48.144371]}"
München-Langwied,4,München,"{'type': 'Point', 'coordinates': [11.432508, 48.163112]}"
München-Mittersendling,4,München,"{'type': 'Point', 'coordinates': [11.536354, 48.107824]}"
München-Moosach,4,München,"{'type': 'Point', 'coordinates': [11.506237, 48.180258]}"
München-Obermenzing,4,München,"{'type': 'Point', 'coordinates': [11.478117, 48.164223]}"
München-Pasing,2,München,"{'type': 'Point', 'coordinates': [11.461872, 48.149852]}"
München-Riem Pbf,4,München,"{'type': 'Point', 'coordinates': [11.678049, 48.143983]}"
München-Untermenzing,4,München,"{'type': 'Point', 'coordinates': [11.472792, 48.177673]}"
München-Westkreuz,4,München,"{'type': 'Point', 'coordinates': [11.44394, 48.149026]}"
Münster (Westf) Hbf,2,Münster,"{'type': 'Point', 'coordinates': [7.635715, 51.956566]}"
Münster (Westf) Hbf,2,Münster,"{'type': 'Point', 'coordinates': [7.635715, 51.956566]}"
Murnau,4,Murnau,"{'type': 'Point', 'coordinates': [11.192628, 47.682266]}"
Nauen,3,Nauen,"{'type': 'Point', 'coordinates': [12.885559, 52.612696]}"
Naumburg (Saale) Hbf,3,Naumburg ,"{'type': 'Point', 'coordinates': [11.796984, 51.163071]}"
Neckarelz,3,Mosbach-Neckarelz,"{'type': 'Point', 'coordinates': [9.113093, 49.348484]}"
Neckargemünd,3,Neckargemünd,"{'type': 'Point', 'coordinates': [8.788425, 49.393678]}"
Neckarsteinach,4,Neckarsteinach,"{'type': 'Point', 'coordinates': [8.841429, 49.404909]}"
Neckarsulm,3,Neckarsulm,"{'type': 'Point', 'coordinates': [9.220068, 49.188973]}"
Nettelnburg (S-Bahn),4,Hamburg,"{'type': 'Point', 'coordinates': [10.181408, 53.487888]}"
Neu Isenburg,4,Neu Isenburg,"{'type': 'Point', 'coordinates': [8.665609, 50.053052]}"
Neu Ulm,4,Neu Ulm,"{'type': 'Point', 'coordinates': [10.004823, 48.393039]}"
Neubeckum,4,Beckum,"{'type': 'Point', 'coordinates': [8.02136, 51.801951]}"
Neubeckum,4,Beckum,"{'type': 'Point', 'coordinates': [8.02136, 51.801951]}"
Neubiberg,4,Neubiberg,"{'type': 'Point', 'coordinates': [11.660222, 48.075847]}"
Neubrandenburg,3,Neubrandenburg,"{'type': 'Point', 'coordinates': [13.261465, 53.561831]}"
Neubrücke (Nahe),4,Hoppstädten-Weiersbach,"{'type': 'Point', 'coordinates': [7.172701, 49.606066]}"
Neudietendorf,4,Neudietendorf,"{'type': 'Point', 'coordinates': [10.909685, 50.913898]}"
Neuenmarkt-Wirsberg,4,Neuenmarkt,"{'type': 'Point', 'coordinates': [11.581061, 50.093676]}"
Neufahrn (b Freising),4,Neufahrn,"{'type': 'Point', 'coordinates': [11.661261, 48.321636]}"
Neuhaus (Pegnitz),4,Neuhaus (Pegnitz),"{'type': 'Point', 'coordinates': [11.551709, 49.626653]}"
Neukieritzsch,4,Neukieritzsch,"{'type': 'Point', 'coordinates': [12.412836, 51.150774]}"
Neumarkt (Oberpf),3,Neumarkt (Oberpf),"{'type': 'Point', 'coordinates': [11.456987, 49.273221]}"
Neumünster,2,Neumünster,"{'type': 'Point', 'coordinates': [9.979816, 54.075752]}"
Neunkirchen (Saar) Hbf,3,Neunkirchen (Saar),"{'type': 'Point', 'coordinates': [7.176655, 49.353291]}"
Neuss Hbf,2,Neuss,"{'type': 'Point', 'coordinates': [6.684527, 51.204351]}"
Neuss Hbf,2,Neuss,"{'type': 'Point', 'coordinates': [6.684527, 51.204351]}"
Neuss Hbf,2,Neuss,"{'type': 'Point', 'coordinates': [6.684527, 51.204351]}"
Neustadt (Aisch) Bahnhof,4,Neustadt (Aisch),"{'type': 'Point', 'coordinates': [10.588032, 49.576876]}"
Neustadt (Weinstr) Böbig,4,Neustadt ,"{'type': 'Point', 'coordinates': [8.158313, 49.354245]}"
Neustadt (Weinstr) Hbf,2,Neustadt ,"{'type': 'Point', 'coordinates': [8.140757, 49.349553]}"
Neustadt a Rübenberge,4,Neustadt a Rübenberge,"{'type': 'Point', 'coordinates': [9.455277, 52.503325]}"
Neustrelitz Hbf,4,Neustrelitz,"{'type': 'Point', 'coordinates': [13.074603, 53.359255]}"
Neuwied,3,Neuwied,"{'type': 'Point', 'coordinates': [7.473132, 50.431466]}"
Neuwiedenthal (S-Bahn),4,Hamburg,"{'type': 'Point', 'coordinates': [9.877434, 53.473059]}"
Neuwirtshaus-Porscheplatz,4,Stuttgart,"{'type': 'Point', 'coordinates': [9.152505, 48.833824]}"
Nidda,4,Nidda,"{'type': 'Point', 'coordinates': [8.998881, 50.411449]}"
Niebüll,3,Niebüll,"{'type': 'Point', 'coordinates': [8.834572, 54.789605]}"
Nürnberg Hbf,1,Nürnberg,"{'type': 'Point', 'coordinates': [11.082989, 49.445616]}"
Nürnberg-Frankenstadion,4,Nürnberg,"{'type': 'Point', 'coordinates': [11.130044, 49.430795]}"
Nürtingen,3,Nürtingen,"{'type': 'Point', 'coordinates': [9.342648, 48.627997]}"
Oberesslingen,4,Esslingen am Neckar,"{'type': 'Point', 'coordinates': [9.327267, 48.729876]}"
Oberhausen Hbf,2,Oberhausen,"{'type': 'Point', 'coordinates': [6.851588, 51.474878]}"
Oberschleißheim,4,Oberschleißheim,"{'type': 'Point', 'coordinates': [11.55783, 48.257226]}"
Oberstdorf,3,Oberstdorf,"{'type': 'Point', 'coordinates': [10.278097, 47.411032]}"
Oberursel (Taunus),4,Oberursel (Taunus),"{'type': 'Point', 'coordinates': [8.589409, 50.199423]}"
Paderborn Hbf,2,Paderborn,"{'type': 'Point', 'coordinates': [8.740505, 51.712979]}"
Papenburg (Ems),4,Papenburg ,"{'type': 'Point', 'coordinates': [7.386708, 53.089706]}"
Papestraße,1,Berlin,"{'type': 'Point', 'coordinates': [13.365319, 52.475047]}"
Papestraße,1,Berlin,"{'type': 'Point', 'coordinates': [13.365319, 52.475047]}"
Papestraße,1,Berlin,"{'type': 'Point', 'coordinates': [13.365319, 52.475047]}"
Parsberg,4,Parsberg,"{'type': 'Point', 'coordinates': [11.723355, 49.164355]}"
Pasewalk,4,Pasewalk,"{'type': 'Point', 'coordinates': [13.988875, 53.515353]}"
Passau Hbf,3,Passau,"{'type': 'Point', 'coordinates': [13.450776, 48.573632]}"
Pegnitz,4,Pegnitz,"{'type': 'Point', 'coordinates': [11.5475965, 49.7587084]}"
Petershausen (Oberbay),3,Petershausen (Oberbay),"{'type': 'Point', 'coordinates': [11.469881, 48.41345]}"
Pforzheim Hbf,2,Pforzheim,"{'type': 'Point', 'coordinates': [8.703099, 48.894152]}"
Pinneberg,3,Pinneberg,"{'type': 'Point', 'coordinates': [9.797608, 53.655179]}"
Pinneberg,3,Pinneberg,"{'type': 'Point', 'coordinates': [9.797608, 53.655179]}"
Pirmasens Nord,4,Thaleischweiler-Fröschen,"{'type': 'Point', 'coordinates': [7.604401, 49.259218]}"
Pirna,4,Pirna,"{'type': 'Point', 'coordinates': [13.928881, 50.962623]}"
Planegg (Krailling),4,Planegg,"{'type': 'Point', 'coordinates': [11.413556, 48.105303]}"
Plänterwald,4,Berlin,"{'type': 'Point', 'coordinates': [13.473126, 52.478542]}"
Plattling,3,Plattling,"{'type': 'Point', 'coordinates': [12.86394, 48.779619]}"
Plauen (Vogtl) ob Bf,3,Plauen ,"{'type': 'Point', 'coordinates': [12.129419, 50.506163]}"
Pleinfeld,4,Pleinfeld,"{'type': 'Point', 'coordinates': [10.9771657, 49.1061083]}"
Plettenberg,4,Plettenberg,"{'type': 'Point', 'coordinates': [7.868913, 51.23193]}"
Plochingen,2,Plochingen,"{'type': 'Point', 'coordinates': [9.41081, 48.71308]}"
Plüderhausen,4,Plüderhausen,"{'type': 'Point', 'coordinates': [9.595853, 48.796684]}"
Porta Westfalica,4,Porta Westfalica,"{'type': 'Point', 'coordinates': [8.920253, 52.243423]}"
Porta Westfalica,4,Porta Westfalica,"{'type': 'Point', 'coordinates': [8.920253, 52.243423]}"
Porz (Rhein),4,Köln,"{'type': 'Point', 'coordinates': [7.064724, 50.882907]}"
Porz-Wahn,4,Köln,"{'type': 'Point', 'coordinates': [7.079266, 50.858133]}"
Possenhofen,4,Pöcking,"{'type': 'Point', 'coordinates': [11.306475, 47.96196]}"
Potsdam Charlottenhof,4,Potsdam,"{'type': 'Point', 'coordinates': [13.036496, 52.3928]}"
Potsdam Hbf,2,Potsdam,"{'type': 'Point', 'coordinates': [13.0667031, 52.391509]}"
Potsdam Park Sanssouci,3,Potsdam,"{'type': 'Point', 'coordinates': [13.014512, 52.394108]}"
Potsdamer Platz,2,Berlin,"{'type': 'Point', 'coordinates': [13.375988, 52.509379]}"
Prenzlau,4,Prenzlau,"{'type': 'Point', 'coordinates': [13.866532, 53.321608]}"
Prenzlauer Allee,4,Berlin,"{'type': 'Point', 'coordinates': [13.426412, 52.544615]}"
Prien a Chiemsee,4,Prien am Chiemsee,"{'type': 'Point', 'coordinates': [12.346615, 47.855513]}"
Priesterweg,4,Berlin,"{'type': 'Point', 'coordinates': [13.356281, 52.459914]}"
Puchheim,4,Puchheim,"{'type': 'Point', 'coordinates': [11.353061, 48.172179]}"
Radeberg,4,Radeberg,"{'type': 'Point', 'coordinates': [13.912539, 51.111752]}"
Radolfzell,4,Radolfzell ,"{'type': 'Point', 'coordinates': [8.968984, 47.735873]}"
Rastatt,4,Rastatt,"{'type': 'Point', 'coordinates': [8.215623, 48.860483]}"
Rathaus Steglitz,4,Berlin,"{'type': 'Point', 'coordinates': [13.322948, 52.455833]}"
Rathenow,4,Rathenow,"{'type': 'Point', 'coordinates': [12.35484, 52.59964]}"
Raubling,4,Raubling,"{'type': 'Point', 'coordinates': [12.110149, 47.788506]}"
Raunheim,4,Raunheim,"{'type': 'Point', 'coordinates': [8.454498, 50.009688]}"
Ravensburg,4,Ravensburg,"{'type': 'Point', 'coordinates': [9.6061, 47.784481]}"
Recklinghausen Hbf,3,Recklinghausen,"{'type': 'Point', 'coordinates': [7.20349, 51.616359]}"
Reeperbahn (S-Bahn),4,Hamburg,"{'type': 'Point', 'coordinates': [9.957668, 53.549668]}"
Regensburg Hbf,2,Regensburg,"{'type': 'Point', 'coordinates': [12.099617, 49.011672]}"
Reichenbach (Vogtl) ob Bf,4,Reichenbach ,"{'type': 'Point', 'coordinates': [12.29312, 50.627777]}"
Remagen,3,Remagen,"{'type': 'Point', 'coordinates': [7.229779, 50.577215]}"
Rendsburg,4,Rendsburg,"{'type': 'Point', 'coordinates': [9.671134, 54.302262]}"
Renningen,4,Renningen,"{'type': 'Point', 'coordinates': [8.93235, 48.775121]}"
Reutlingen Hbf,3,Reutlingen,"{'type': 'Point', 'coordinates': [9.209116, 48.496079]}"
Rheda-Wiedenbrück,4,Rheda -Wiedenbrück,"{'type': 'Point', 'coordinates': [8.28665, 51.857023]}"
Rheine,3,Rheine,"{'type': 'Point', 'coordinates': [7.434255, 52.276299]}"
Rheinfelden (Baden),4,Rheinfelden           ,"{'type': 'Point', 'coordinates': [7.784209, 47.556923]}"
Rheinhausen,4,Duisburg,"{'type': 'Point', 'coordinates': [6.706484, 51.393507]}"
Rheydt Hbf,4,Mönchengladbach,"{'type': 'Point', 'coordinates': [6.439564, 51.163027]}"
Ribnitz-Damgarten West,4,Ribnitz,"{'type': 'Point', 'coordinates': [12.436965, 54.239176]}"
Riedstadt-Goddelau,4,Riedstadt,"{'type': 'Point', 'coordinates': [8.489187, 49.83323]}"
Riesa,3,Riesa,"{'type': 'Point', 'coordinates': [13.287734, 51.309654]}"
Rödermark-Ober Roden,4,Ober Roden / Rödermark,"{'type': 'Point', 'coordinates': [8.828961, 49.973622]}"
Röntgental,4,Panketal,"{'type': 'Point', 'coordinates': [13.513799, 52.648798]}"
Rosenheim,2,Rosenheim,"{'type': 'Point', 'coordinates': [12.119202, 47.850018]}"
Roßlau (Elbe),4,Roßlau (Elbe),"{'type': 'Point', 'coordinates': [12.237262, 51.884612]}"
Rostock Evershagen,4,Rostock,"{'type': 'Point', 'coordinates': [12.068507, 54.123552]}"
Rostock Hbf,2,Rostock,"{'type': 'Point', 'coordinates': [12.131079, 54.078246]}"
Rostock Holbeinplatz,4,Rostock,"{'type': 'Point', 'coordinates': [12.099466, 54.0933]}"
Rostock Lichtenhagen,4,Rostock,"{'type': 'Point', 'coordinates': [12.070866, 54.152403]}"
Rostock Parkstraße,4,Rostock,"{'type': 'Point', 'coordinates': [12.10789, 54.085243]}"
Rostock-Marienehe,4,Rostock-Marienehe,"{'type': 'Point', 'coordinates': [12.080072, 54.111774]}"
Rotenburg (Wümme),4,Rotenburg ,"{'type': 'Point', 'coordinates': [9.390098, 53.112349]}"
Roth,3,Roth,"{'type': 'Point', 'coordinates': [11.082508, 49.241287]}"
Rottendorf,4,Rottendorf,"{'type': 'Point', 'coordinates': [10.0290799, 49.7921878]}"
Rottweil,3,Rottweil,"{'type': 'Point', 'coordinates': [8.639295, 48.165304]}"
Rübenkamp (S-Bahn),4,Hamburg,"{'type': 'Point', 'coordinates': [10.033083, 53.605968]}"
Rudolstadt (Thür),4,Rudolstadt (Thür),"{'type': 'Point', 'coordinates': [11.3388991, 50.7179313]}"
Rüsselsheim,3,Rüsselsheim,"{'type': 'Point', 'coordinates': [8.413583, 49.991639]}"
Rüsselsheim Opelwerk,4,Rüsselsheim,"{'type': 'Point', 'coordinates': [8.400373, 49.988]}"
Saalfeld (Saale),3,Saalfeld (Saale),"{'type': 'Point', 'coordinates': [11.3745832, 50.6502734]}"
Saarbrücken Hbf,2,Saarbrücken,"{'type': 'Point', 'coordinates': [6.991021, 49.241065]}"
Saarburg (Bz Trier),4,Saarburg,"{'type': 'Point', 'coordinates': [6.557034, 49.606455]}"
Saarlouis Hbf,3,Saarlouis,"{'type': 'Point', 'coordinates': [6.750169, 49.32783]}"
Salzbergen,4,Salzbergen,"{'type': 'Point', 'coordinates': [7.350526, 52.32325]}"
Salzwedel,4,Salzwedel,"{'type': 'Point', 'coordinates': [11.162035, 52.858113]}"
Sandersleben (Anh),4,Sandersleben,"{'type': 'Point', 'coordinates': [11.56002, 51.679063]}"
Sangerhausen,4,Sangerhausen,"{'type': 'Point', 'coordinates': [11.294515, 51.479891]}"
Savignyplatz,4,Berlin,"{'type': 'Point', 'coordinates': [13.319271, 52.505093]}"
Schifferstadt,3,Schifferstadt,"{'type': 'Point', 'coordinates': [8.364945, 49.39291]}"
Schlüchtern,4,Schlüchtern,"{'type': 'Point', 'coordinates': [9.510039, 50.341177]}"
Schönebeck (Elbe),3,Schönebeck (Elbe),"{'type': 'Point', 'coordinates': [11.733157, 52.018794]}"
Schöneberg,4,Berlin,"{'type': 'Point', 'coordinates': [13.352068, 52.479377]}"
Schöneberg,4,Berlin,"{'type': 'Point', 'coordinates': [13.352068, 52.479377]}"
Schöneberg,4,Berlin,"{'type': 'Point', 'coordinates': [13.352068, 52.479377]}"
Schönhauser Allee,4,Berlin,"{'type': 'Point', 'coordinates': [13.41546, 52.5492]}"
Schopfheim,4,Schopfheim,"{'type': 'Point', 'coordinates': [7.822674, 47.64797]}"
Schorndorf,3,Schorndorf,"{'type': 'Point', 'coordinates': [9.52631, 48.80715]}"
Schwabach,3,Schwabach,"{'type': 'Point', 'coordinates': [11.035351, 49.326195]}"
Schwäbisch Gmünd,4,Schwäbisch Gmünd,"{'type': 'Point', 'coordinates': [9.787795, 48.801011]}"
Schwäbisch Hall-Hessental,4,Schwäbisch Hall,"{'type': 'Point', 'coordinates': [9.767373, 49.096732]}"
Schwandorf,4,Schwandorf,"{'type': 'Point', 'coordinates': [12.103802, 49.3263803]}"
Schweinfurt Hbf,3,Schweinfurt,"{'type': 'Point', 'coordinates': [10.212919, 50.035313]}"
Schwelm,3,Schwelm,"{'type': 'Point', 'coordinates': [7.289681, 51.290526]}"
Schwerin Hbf,3,Schwerin,"{'type': 'Point', 'coordinates': [11.407455, 53.634739]}"
Schwerte (Ruhr),4,Schwerte ,"{'type': 'Point', 'coordinates': [7.55896, 51.442281]}"
Schwetzingen,4,Schwetzingen,"{'type': 'Point', 'coordinates': [8.578679, 49.383434]}"
Sechtem,4,Bornheim,"{'type': 'Point', 'coordinates': [6.957454, 50.795711]}"
Seckach,4,Seckach,"{'type': 'Point', 'coordinates': [9.338469, 49.441157]}"
Seelze Pbf,4,Seelze,"{'type': 'Point', 'coordinates': [9.594314, 52.391675]}"
Siegburg,3,Siegburg,"{'type': 'Point', 'coordinates': [7.203026, 50.793915]}"
Siegelsdorf,4,Veitsbronn,"{'type': 'Point', 'coordinates': [10.875519, 49.50635]}"
Siegen Hbf,3,Siegen,"{'type': 'Point', 'coordinates': [8.016508, 50.875939]}"
Siegen-Weidenau,4,Siegen,"{'type': 'Point', 'coordinates': [8.029842, 50.895966]}"
Singen (Hohentwiel),2,Singen ,"{'type': 'Point', 'coordinates': [8.840383, 47.758438]}"
Sinsheim (Elsenz),4,Sinsheim (Elsenz),"{'type': 'Point', 'coordinates': [8.8751, 49.250353]}"
Sinsheim (Elsenz) Hbf,4,Sinsheim (Elsenz),"{'type': 'Point', 'coordinates': [8.8751, 49.250353]}"
Sinzig (Rhein),4,Sinzig ,"{'type': 'Point', 'coordinates': [7.258279, 50.546982]}"
Soest,3,Soest,"{'type': 'Point', 'coordinates': [8.104589, 51.578419]}"
Solingen-Ohligs,2,Solingen-Ohligs,"{'type': 'Point', 'coordinates': [7.004187, 51.160766]}"
Sömmerda,4,Sömmerda,"{'type': 'Point', 'coordinates': [11.127584, 51.1649544]}"
Sonneberg (Thür) Hbf,4,Sonneberg (Thür),"{'type': 'Point', 'coordinates': [11.168848, 50.355078]}"
Sonnenallee,4,Berlin,"{'type': 'Point', 'coordinates': [13.455851, 52.473101]}"
Sonthofen,4,Sonthofen,"{'type': 'Point', 'coordinates': [10.272344, 47.513241]}"
Speyer Hbf,4,Speyer,"{'type': 'Point', 'coordinates': [8.427949, 49.324119]}"
Springe,4,Springe,"{'type': 'Point', 'coordinates': [9.556238, 52.21515]}"
Springpfuhl,4,Berlin,"{'type': 'Point', 'coordinates': [13.53674, 52.526348]}"
St Ingbert,3,St. Ingbert,"{'type': 'Point', 'coordinates': [7.110814, 49.274763]}"
St Wendel,4,St. Wendel,"{'type': 'Point', 'coordinates': [7.165293, 49.466952]}"
Stade,4,Stade,"{'type': 'Point', 'coordinates': [9.477008, 53.596143]}"
Stadtallendorf,4,Stadtallendorf,"{'type': 'Point', 'coordinates': [9.015278, 50.825432]}"
Stadthagen,4,Stadthagen,"{'type': 'Point', 'coordinates': [9.189426, 52.332837]}"
Stadthausbrücke (S-Bahn),4,Hamburg,"{'type': 'Point', 'coordinates': [9.984804, 53.549465]}"
Starnberg,4,Starnberg,"{'type': 'Point', 'coordinates': [11.34367, 47.995963]}"
Starnberg-Nord,4,Starnberg,"{'type': 'Point', 'coordinates': [11.347386, 48.005975]}"
Stellingen (S-Bahn),4,Hamburg,"{'type': 'Point', 'coordinates': [9.918336, 53.589843]}"
Stendal,3,Stendal,"{'type': 'Point', 'coordinates': [11.854412, 52.594723]}"
Sternschanze (S-Bahn),3,Hamburg,"{'type': 'Point', 'coordinates': [9.967204, 53.563719]}"
Sternschanze (S-Bahn),3,Hamburg,"{'type': 'Point', 'coordinates': [9.967204, 53.563719]}"
Stolberg (Rheinl) Hbf,4,Stolberg (Rheinl),"{'type': 'Point', 'coordinates': [6.217478, 50.79448]}"
Stolberg (Rheinl) Hbf,4,Stolberg (Rheinl),"{'type': 'Point', 'coordinates': [6.217478, 50.79448]}"
Storkower Straße,4,Berlin,"{'type': 'Point', 'coordinates': [13.464398, 52.52391]}"
Stralsund,3,Stralsund,"{'type': 'Point', 'coordinates': [13.077321, 54.308626]}"
Straubing,4,Straubing,"{'type': 'Point', 'coordinates': [12.574094, 48.876978]}"
Strausberg,4,Strausberg,"{'type': 'Point', 'coordinates': [13.8334984, 52.5320832]}"
Stuttgart Feuersee,3,Stuttgart,"{'type': 'Point', 'coordinates': [9.166273, 48.772768]}"
Stuttgart Flughafen,4,Leinfelden - Echterdingen,"{'type': 'Point', 'coordinates': [9.19263, 48.690648]}"
Stuttgart Gottlieb-Daimler-Stadion,4,Stuttgart,"{'type': 'Point', 'coordinates': [9.241595, 48.792173]}"
Stuttgart Hbf,1,Stuttgart,"{'type': 'Point', 'coordinates': [9.181635, 48.784084]}"
Stuttgart Hbf,1,Stuttgart,"{'type': 'Point', 'coordinates': [9.181635, 48.784084]}"
Stuttgart Hbf,1,Stuttgart,"{'type': 'Point', 'coordinates': [9.181635, 48.784084]}"
Stuttgart Neckarpark,4,Stuttgart,"{'type': 'Point', 'coordinates': [9.241595, 48.792173]}"
Stuttgart Österfeld,4,Stuttgart,"{'type': 'Point', 'coordinates': [9.116774, 48.737651]}"
Stuttgart Schwabstraße,3,Stuttgart,"{'type': 'Point', 'coordinates': [9.156959, 48.770255]}"
Stuttgart Stadtmitte,3,Stuttgart,"{'type': 'Point', 'coordinates': [9.172925, 48.776229]}"
Stuttgart Universität,4,Stuttgart,"{'type': 'Point', 'coordinates': [9.105398, 48.745837]}"
Stuttgart-Bad Cannstatt,3,Stuttgart,"{'type': 'Point', 'coordinates': [9.217531, 48.801377]}"
Stuttgart-Feuerbach,4,Stuttgart-Feuerbach,"{'type': 'Point', 'coordinates': [9.169382, 48.813673]}"
Stuttgart-Obertürkheim,4,Stuttgart,"{'type': 'Point', 'coordinates': [9.267889, 48.762013]}"
Stuttgart-Rohr,4,Stuttgart,"{'type': 'Point', 'coordinates': [9.108328, 48.717902]}"
Stuttgart-Untertürkheim Pbf,3,Stuttgart,"{'type': 'Point', 'coordinates': [9.250569, 48.779751]}"
Stuttgart-Untertürkheim Pbf,3,Stuttgart,"{'type': 'Point', 'coordinates': [9.250569, 48.779751]}"
Stuttgart-Untertürkheim Pbf,3,Stuttgart,"{'type': 'Point', 'coordinates': [9.250569, 48.779751]}"
Stuttgart-Untertürkheim Pbf,3,Stuttgart,"{'type': 'Point', 'coordinates': [9.250569, 48.779751]}"
Stuttgart-Vaihingen,3,Stuttgart,"{'type': 'Point', 'coordinates': [9.113226, 48.726279]}"
Stuttgart-Zuffenhausen,3,Stuttgart,"{'type': 'Point', 'coordinates': [9.166739, 48.829415]}"
Süßen,4,Süßen,"{'type': 'Point', 'coordinates': [9.76028, 48.683641]}"
Syke,4,Syke,"{'type': 'Point', 'coordinates': [8.809786, 52.91616]}"
Tamm (Württ),4,Tamm ,"{'type': 'Point', 'coordinates': [9.125828, 48.921605]}"
Taufkirchen,4,Taufkirchen,"{'type': 'Point', 'coordinates': [11.609252, 48.051552]}"
Tharandt,4,Tharandt,"{'type': 'Point', 'coordinates': [13.592111, 50.982872]}"
Thesdorf (S-Bahn),4,Pinneberg,"{'type': 'Point', 'coordinates': [9.813837, 53.644372]}"
Tiergarten,4,Berlin,"{'type': 'Point', 'coordinates': [13.336392, 52.514061]}"
Tornesch,4,Tornesch,"{'type': 'Point', 'coordinates': [9.71497, 53.697313]}"
Tostedt,4,Tostedt,"{'type': 'Point', 'coordinates': [9.732013, 53.272046]}"
Traunstein,3,Traunstein,"{'type': 'Point', 'coordinates': [12.638801, 47.869727]}"
Treptower Park,4,Berlin,"{'type': 'Point', 'coordinates': [13.461441, 52.493559]}"
Treuchtlingen,3,Treuchtlingen,"{'type': 'Point', 'coordinates': [10.908159, 48.961267]}"
Treysa,4,Schwalmstadt-Treysa,"{'type': 'Point', 'coordinates': [9.185673, 50.910661]}"
Trier Hbf,2,Trier,"{'type': 'Point', 'coordinates': [6.652453, 49.756846]}"
Troisdorf,3,Troisdorf,"{'type': 'Point', 'coordinates': [7.150892, 50.813922]}"
Troisdorf,3,Troisdorf,"{'type': 'Point', 'coordinates': [7.150892, 50.813922]}"
Tübingen Hbf,2,Tübingen,"{'type': 'Point', 'coordinates': [9.055407, 48.515811]}"
Türkheim (Bay) Bahnhof,4,Türkheim ,"{'type': 'Point', 'coordinates': [10.617439, 48.04569]}"
Tuttlingen,3,Tuttlingen,"{'type': 'Point', 'coordinates': [8.798542, 47.980579]}"
Tutzing,3,Tutzing,"{'type': 'Point', 'coordinates': [11.27289, 47.907142]}"
Uelzen,2,Uelzen,"{'type': 'Point', 'coordinates': [10.553053, 52.969781]}"
Ulm Hbf,2,Ulm,"{'type': 'Point', 'coordinates': [9.982227, 48.399437]}"
Unna,3,Unna,"{'type': 'Point', 'coordinates': [7.692858, 51.538982]}"
Unter den Linden,4,Berlin,"{'type': 'Point', 'coordinates': [13.381815, 52.516506]}"
Unterföhring,4,Unterföhring,"{'type': 'Point', 'coordinates': [11.646772, 48.19031]}"
Vaihingen (Enz),4,Vaihingen (Enz),"{'type': 'Point', 'coordinates': [8.957632, 48.948118]}"
Veddel (S-Bahn),4,Hamburg,"{'type': 'Point', 'coordinates': [10.013313, 53.521703]}"
Vellmar-Obervellmar,4,Vellmar,"{'type': 'Point', 'coordinates': [9.452475, 51.359679]}"
Verden (Aller),3,Verden (Aller),"{'type': 'Point', 'coordinates': [9.237855, 52.920818]}"
Viersen,3,Viersen,"{'type': 'Point', 'coordinates': [6.403896, 51.254947]}"
Villingen (Schwarzw),4,Villingen-Schwenningen,"{'type': 'Point', 'coordinates': [8.465261, 48.058022]}"
Vilshofen (Niederbay),4,Vilshofen an der Donau,"{'type': 'Point', 'coordinates': [13.190867, 48.629551]}"
Völklingen,3,Völklingen,"{'type': 'Point', 'coordinates': [6.848156, 49.249091]}"
Wabern (Bz Kassel),4,Wabern,"{'type': 'Point', 'coordinates': [9.35804, 51.103134]}"
Wächtersbach,4,Wächtersbach,"{'type': 'Point', 'coordinates': [9.295828, 50.253958]}"
Waghäusel,4,Waghäusel,"{'type': 'Point', 'coordinates': [8.508313, 49.248186]}"
Waiblingen,3,Waiblingen,"{'type': 'Point', 'coordinates': [9.299882, 48.826124]}"
Waidmannslust,4,Berlin,"{'type': 'Point', 'coordinates': [13.320996, 52.60648]}"
Waldshut,4,Waldshut-Tiengen,"{'type': 'Point', 'coordinates': [8.219526, 47.621368]}"
Waldshut,4,Waldshut-Tiengen,"{'type': 'Point', 'coordinates': [8.219526, 47.621368]}"
Wandsbek Ost,4,Hamburg,"{'type': 'Point', 'coordinates': [10.12305, 53.586385]}"
Wandsbeker Chaussee (S-Bahn),4,Hamburg,"{'type': 'Point', 'coordinates': [10.059975, 53.569734]}"
Wanne-Eickel Hbf,3,Herne,"{'type': 'Point', 'coordinates': [7.165783, 51.531256]}"
Warburg (Westf),4,Warburg ,"{'type': 'Point', 'coordinates': [9.163845, 51.492953]}"
Waren (Müritz),4,Waren (Müritz),"{'type': 'Point', 'coordinates': [12.680678, 53.521512]}"
Warnemünde,3,Rostock,"{'type': 'Point', 'coordinates': [12.091271, 54.176852]}"
Warschauer Straße,4,Berlin,"{'type': 'Point', 'coordinates': [13.451646, 52.505976]}"
Wattenscheid,4,Bochum,"{'type': 'Point', 'coordinates': [7.139521, 51.473214]}"
Wedding,4,Berlin,"{'type': 'Point', 'coordinates': [13.36817, 52.543251]}"
Weetzen,4,Ronnenberg,"{'type': 'Point', 'coordinates': [9.635376, 52.298351]}"
Weiden (Oberpf),3,Weiden in der Oberpfalz,"{'type': 'Point', 'coordinates': [12.153846, 49.67049]}"
Weil (Rhein),4,Weil  am Rhein,"{'type': 'Point', 'coordinates': [7.608419, 47.593973]}"
Weil der Stadt,4,Weil der Stadt,"{'type': 'Point', 'coordinates': [8.872806, 48.755483]}"
Weilheim (Oberbay),4,Weilheim ,"{'type': 'Point', 'coordinates': [11.14286, 47.845363]}"
Weimar,2,Weimar,"{'type': 'Point', 'coordinates': [11.326458, 50.991487]}"
Weinheim (Bergstr),4,Weinheim,"{'type': 'Point', 'coordinates': [8.665351, 49.553302]}"
Weißenburg (Bay),4,Weißenburg (Bay),"{'type': 'Point', 'coordinates': [10.96539, 49.029673]}"
Weißenfels,3,Weißenfels,"{'type': 'Point', 'coordinates': [11.970926, 51.204615]}"
Wendlingen (Neckar),3,Wendlingen am Neckar,"{'type': 'Point', 'coordinates': [9.373011, 48.672961]}"
Werdau,4,Werdau,"{'type': 'Point', 'coordinates': [12.3672795, 50.7266423]}"
Werder (Havel),4,Werder (Havel),"{'type': 'Point', 'coordinates': [12.926189, 52.392939]}"
Werl,4,Werl,"{'type': 'Point', 'coordinates': [7.914136, 51.558073]}"
Wernau (Neckar),4,Wernau,"{'type': 'Point', 'coordinates': [9.413898, 48.694247]}"
Wesel,3,Wesel,"{'type': 'Point', 'coordinates': [6.627134, 51.65584]}"
Westend,4,Berlin,"{'type': 'Point', 'coordinates': [13.284638, 52.51807]}"
Westerland (Sylt),3,Sylt/ OT Westerland  ,"{'type': 'Point', 'coordinates': [8.310925, 54.906839]}"
Westhafen,4,Berlin,"{'type': 'Point', 'coordinates': [13.344253, 52.53625]}"
Wetzlar,3,Wetzlar,"{'type': 'Point', 'coordinates': [8.503819, 50.565631]}"
Wicklesgreuth,4,Petersaurach,"{'type': 'Point', 'coordinates': [10.71145, 49.310689]}"
Wiesbaden Hbf,2,Wiesbaden,"{'type': 'Point', 'coordinates': [8.243731, 50.070791]}"
Wiesbaden Ost,4,Wiesbaden,"{'type': 'Point', 'coordinates': [8.256293, 50.041412]}"
Wiesloch-Walldorf,3,Wiesloch,"{'type': 'Point', 'coordinates': [8.664146, 49.291353]}"
Wilhelmsburg (S-Bahn),4,Hamburg,"{'type': 'Point', 'coordinates': [10.007006, 53.498936]}"
Wilhelmshaven,4,Wilhelmshaven,"{'type': 'Point', 'coordinates': [8.114901, 53.518795]}"
Winden (Pfalz),4,Winden,"{'type': 'Point', 'coordinates': [8.122479, 49.095452]}"
Winnenden,3,Winnenden,"{'type': 'Point', 'coordinates': [9.39229, 48.879583]}"
Winsen (Luhe),4,Winsen (Luhe),"{'type': 'Point', 'coordinates': [10.207691, 53.353839]}"
Witten Hbf,3,Witten,"{'type': 'Point', 'coordinates': [7.329442, 51.435544]}"
Wittenau (Wilhelmsruher Damm),4,Berlin,"{'type': 'Point', 'coordinates': [13.334446, 52.597044]}"
Wittenberge,3,Wittenberge,"{'type': 'Point', 'coordinates': [11.762871, 53.003115]}"
Wittlich Hbf,4,Wittlich,"{'type': 'Point', 'coordinates': [6.943557, 49.973121]}"
Wolfen (Kr Bitterfeld),4,Wolfen ,"{'type': 'Point', 'coordinates': [12.279563, 51.661159]}"
Wolfsburg,2,Wolfsburg,"{'type': 'Point', 'coordinates': [10.787784, 52.429498]}"
Wollankstraße,4,Berlin,"{'type': 'Point', 'coordinates': [13.391791, 52.565482]}"
Worms Hbf,2,Worms,"{'type': 'Point', 'coordinates': [8.356448, 49.63494]}"
Wörth (Rhein),3,Wörth,"{'type': 'Point', 'coordinates': [8.273146, 49.045678]}"
Wrist,4,Wrist,"{'type': 'Point', 'coordinates': [9.748128, 53.932382]}"
Wunstorf,3,Wunstorf,"{'type': 'Point', 'coordinates': [9.450976, 52.422225]}"
Wuppertal Hbf,2,Wuppertal,"{'type': 'Point', 'coordinates': [7.149543, 51.254363]}"
Wuppertal Zoologischer Garten,4,Wuppertal,"{'type': 'Point', 'coordinates': [7.10702, 51.243469]}"
Wuppertal-Barmen,4,Wuppertal-Barmen,"{'type': 'Point', 'coordinates': [7.195159, 51.266972]}"
Wuppertal-Oberbarmen,3,Wuppertal,"{'type': 'Point', 'coordinates': [7.221483, 51.273839]}"
Wuppertal-Sonnborn,4,Wuppertal,"{'type': 'Point', 'coordinates': [7.096575, 51.240584]}"
Wuppertal-Unterbarmen,4,Wuppertal,"{'type': 'Point', 'coordinates': [7.171212, 51.258929]}"
Wuppertal-Vohwinkel,3,Wuppertal,"{'type': 'Point', 'coordinates': [7.071597, 51.234259]}"
Würzburg Hbf,2,Würzburg,"{'type': 'Point', 'coordinates': [9.93578, 49.801796]}"
Wurzen,4,Wurzen,"{'type': 'Point', 'coordinates': [12.738972, 51.364418]}"
Zeitz,4,Zeitz,"{'type': 'Point', 'coordinates': [12.131488, 51.056452]}"
Zittau,4,Zittau,"{'type': 'Point', 'coordinates': [14.805774, 50.904461]}"
Zwickau (Sachs) Hbf,3,Zwickau ,"{'type': 'Point', 'coordinates': [12.474716, 50.714668]}"
Butzbach,4,Butzbach,"{'type': 'Point', 'coordinates': [8.669517, 50.431156]}"
Bützow,4,Bützow,"{'type': 'Point', 'coordinates': [11.998194, 53.837114]}"
Buxtehude,3,Buxtehude,"{'type': 'Point', 'coordinates': [9.688314, 53.470491]}"
Calbe (Saale) Ost,5,Calbe (Saale),"{'type': 'Point', 'coordinates': [11.810527, 51.920693]}"
Castrop-Rauxel Hbf,3,Castrop-Rauxel,"{'type': 'Point', 'coordinates': [7.30398, 51.573526]}"
Celle Pbf,3,Celle,"{'type': 'Point', 'coordinates': [10.0626343, 52.6209628]}"
Cham (Oberpf),4,Cham ,"{'type': 'Point', 'coordinates': [12.656832, 49.221869]}"
Chemnitz Hbf,2,Chemnitz ,"{'type': 'Point', 'coordinates': [12.930877, 50.839696]}"
Coburg,3,Coburg,"{'type': 'Point', 'coordinates': [10.9573281, 50.2629273]}"
Cochem (Mosel),4,Cochem ,"{'type': 'Point', 'coordinates': [7.166738, 50.153092]}"
Coesfeld (Westf),4,Coesfeld,"{'type': 'Point', 'coordinates': [7.16388, 51.939431]}"
Coswig (b Dresden),4,Coswig,"{'type': 'Point', 'coordinates': [13.579414, 51.12281]}"
Cottbus,2,Cottbus,"{'type': 'Point', 'coordinates': [14.324162, 51.750957]}"
Crailsheim,3,Crailsheim,"{'type': 'Point', 'coordinates': [10.064326, 49.137872]}"
Dachau Bahnhof,3,Dachau,"{'type': 'Point', 'coordinates': [11.44426, 48.254652]}"
Darmstadt Hbf,2,Darmstadt,"{'type': 'Point', 'coordinates': [8.629636, 49.872503]}"
Darmstadt-Eberstadt,5,Darmstadt,"{'type': 'Point', 'coordinates': [8.62582, 49.813922]}"
Dormagen,4,Dormagen,"{'type': 'Point', 'coordinates': [6.814837, 51.099495]}"
Dorsten,4,Dorsten,"{'type': 'Point', 'coordinates': [6.9705, 51.658274]}"
Dortmund Hbf,1,Dortmund,"{'type': 'Point', 'coordinates': [7.45929, 51.517896]}"
Dortmund Signal-Iduna-Park,4,Dortmund,"{'type': 'Point', 'coordinates': [7.457573, 51.490728]}"
Dortmund-Dorstfeld,3,Dortmund,"{'type': 'Point', 'coordinates': [7.424864, 51.509376]}"
Dortmund-Dorstfeld,3,Dortmund,"{'type': 'Point', 'coordinates': [7.424864, 51.509376]}"
Dortmund-Dorstfeld,3,Dortmund,"{'type': 'Point', 'coordinates': [7.424864, 51.509376]}"
Dortmund-Dorstfeld Süd,4,Dortmund,"{'type': 'Point', 'coordinates': [7.420017, 51.500632]}"
Dortmund-Hörde,4,Dortmund,"{'type': 'Point', 'coordinates': [7.500029, 51.487782]}"
Dortmund-Kley,4,Dortmund,"{'type': 'Point', 'coordinates': [7.365374, 51.489467]}"
Dortmund-Oespel,4,Dortmund,"{'type': 'Point', 'coordinates': [7.383811, 51.488397]}"
Dortmund-Universität,4,Dortmund,"{'type': 'Point', 'coordinates': [7.417708, 51.49274]}"
Dortmund-Westfalenhalle,4,Dortmund,"{'type': 'Point', 'coordinates': [7.457573, 51.490728]}"
Dreieich-Buchschlag,4,Dreieich,"{'type': 'Point', 'coordinates': [8.661204, 50.022113]}"
Dresden Hbf,1,Dresden,"{'type': 'Point', 'coordinates': [13.732035, 51.040563]}"
Dresden Mitte,4,Dresden,"{'type': 'Point', 'coordinates': [13.724109, 51.056168]}"
Dresden-Klotzsche,4,Dresden,"{'type': 'Point', 'coordinates': [13.78911, 51.114667]}"
Dresden-Neustadt,2,Dresden,"{'type': 'Point', 'coordinates': [13.740701, 51.065899]}"
Niederlahnstein,4,Lahnstein,"{'type': 'Point', 'coordinates': [7.599503, 50.31639]}"
Niedernhausen (Taunus),4,Niedernhausen,"{'type': 'Point', 'coordinates': [8.312879, 50.159697]}"
Nienburg (Weser),3,Nienburg  ,"{'type': 'Point', 'coordinates': [9.217753, 52.645566]}"
Nikolassee,4,Berlin,"{'type': 'Point', 'coordinates': [13.193643, 52.431807]}"
Nikolassee,4,Berlin,"{'type': 'Point', 'coordinates': [13.193643, 52.431807]}"
Nikolassee,4,Berlin,"{'type': 'Point', 'coordinates': [13.193643, 52.431807]}"
Norddeich Mole,4,Norden,"{'type': 'Point', 'coordinates': [7.158806, 53.624315]}"
Nordhausen,3,Nordhausen,"{'type': 'Point', 'coordinates': [10.789249, 51.49292]}"
Northeim (Han),3,Northeim ,"{'type': 'Point', 'coordinates': [9.986618, 51.703139]}"
Nottuln-Appelhülsen,4,Nottuln-Appelhülsen,"{'type': 'Point', 'coordinates': [7.426334, 51.892139]}"
Oelde,4,Oelde,"{'type': 'Point', 'coordinates': [8.142599, 51.829112]}"
Offenbach (Main) Hbf,4,Offenbach (Main),"{'type': 'Point', 'coordinates': [8.760743, 50.099264]}"
Offenbach (Main) Ost,3,Offenbach (Main),"{'type': 'Point', 'coordinates': [8.784375, 50.102765]}"
Offenbach Ledermuseum,4,Offenbach (Main),"{'type': 'Point', 'coordinates': [8.750485, 50.105989]}"
Offenbach Marktplatz,4,Offenbach (Main),"{'type': 'Point', 'coordinates': [8.763633, 50.105855]}"
Offenbach-Kaiserlei,4,Offenbach (Main),"{'type': 'Point', 'coordinates': [8.738377, 50.105332]}"
Offenburg,2,Offenburg,"{'type': 'Point', 'coordinates': [7.946723, 48.476475]}"
Oftersheim,4,Oftersheim,"{'type': 'Point', 'coordinates': [8.579013, 49.373505]}"
Ohlsdorf (S-Bahn),4,Hamburg,"{'type': 'Point', 'coordinates': [10.031968, 53.620873]}"
Ohlsdorf (S-Bahn),4,Hamburg,"{'type': 'Point', 'coordinates': [10.031968, 53.620873]}"
Olching,4,Olching,"{'type': 'Point', 'coordinates': [11.335602, 48.209995]}"
Oldenburg (Oldb) Hbf,2,Oldenburg (Oldb),"{'type': 'Point', 'coordinates': [8.222713, 53.144323]}"
Olympiastadion,3,Berlin,"{'type': 'Point', 'coordinates': [13.242389, 52.511166]}"
Opladen,3,Leverkusen,"{'type': 'Point', 'coordinates': [7.008775, 51.066175]}"
Oranienburg,3,Oranienburg,"{'type': 'Point', 'coordinates': [13.249613, 52.753653]}"
Oranienburger Straße,4,Berlin,"{'type': 'Point', 'coordinates': [13.393052, 52.52521]}"
Osnabrück Altstadt,4,Osnabrück,"{'type': 'Point', 'coordinates': [8.045902, 52.280935]}"
Osnabrück Hasetor,4,Osnabrück,"{'type': 'Point', 'coordinates': [8.045902, 52.280935]}"
Osnabrück Hbf,2,Osnabrück,"{'type': 'Point', 'coordinates': [8.061781, 52.272851]}"
Osnabrück Hbf,2,Osnabrück,"{'type': 'Point', 'coordinates': [8.061781, 52.272851]}"
Osnabrück Hbf,2,Osnabrück,"{'type': 'Point', 'coordinates': [8.061781, 52.272851]}"
Osnabrück Hbf,2,Osnabrück,"{'type': 'Point', 'coordinates': [8.061781, 52.272851]}"
Osterburken,4,Osterburken,"{'type': 'Point', 'coordinates': [9.422692, 49.429657]}"
Osterholz-Scharmbeck,4,Osterholz-Scharmbeck,"{'type': 'Point', 'coordinates': [8.797434, 53.222776]}"
Osthofen,4,Osthofen,"{'type': 'Point', 'coordinates': [8.325988, 49.705423]}"
Ostkreuz,2,Berlin,"{'type': 'Point', 'coordinates': [13.469105, 52.503037]}"
Ostseebad Binz,3,Binz,"{'type': 'Point', 'coordinates': [13.600507, 54.404819]}"
Othmarschen (S-Bahn),4,Hamburg,"{'type': 'Point', 'coordinates': [9.885967, 53.559233]}"
Ötigheim,4,Ötigheim,"{'type': 'Point', 'coordinates': [8.240582, 48.888526]}"
