Aachen Hbf,8000001,2,Aachen
Aachen-Rothe Erde,8000406,4,Aachen
Aachen-Rothe Erde,8000406,4,Aachen
Aalen,8000002,2,Aalen
Achern,8000412,4,Achern
Achim,8000413,4,Achim
Ahlen (Westf),8000441,4,Ahlen 
Ahrensburg,8000446,4,Ahrensburg
Ahrensfelde,8011003,4,Berlin
Alexanderplatz,8011155,3,Berlin
Alexanderplatz,8011155,3,Berlin
Alfeld (Leine),8000483,4,Alfeld 
Allensbach,8000496,4,Allensbach
Allermöhe,8000779,4,Hamburg
Allermöhe (S-Bahn),8000779,4,Hamburg
Altbach,8000508,3,Altbach
Alte Wöhr (S-Bahn),8000512,4,Hamburg
Altenbeken,8000004,2,Altenbeken
Altenhundem,8000532,4,Lennestadt
Altglienicke,8089054,4,Berlin
Alzey,8000007,3,Alzey
Andernach,8000331,3,Andernach
Angermünde,8010004,3,Angermünde
Ansbach,8000009,3,Ansbach
Apolda,8011051,4,Apolda
Appelhülsen,8000595,4,Nottuln-Appelhülsen
Appenweier,8000596,4,Appenweier
Appenweier,8000596,4,Appenweier
Arnsberg (Westf),8000605,4,Arnsberg
Arnstadt Hbf,8010007,4,Arnstadt
Aschaffenburg Hbf,8000010,2,Aschaffenburg
Aschersleben Pbf,8010009,4,Aschersleben
Asperg,8000630,4,Asperg
Au (Sieg),8000012,3,Windeck
Augsburg Haunstetterstraße,8000658,3,Augsburg
Augsburg Hbf,8000013,2,Augsburg
Augsburg-Hochzoll,8000661,3,Augsburg
Augsburg-Hochzoll,8000661,3,Augsburg
Augsburg-Oberhausen,8000662,4,Augsburg
Aulendorf,8000014,4,Aulendorf
Aumühle,8000669,4,Aumühle
Aumühle,8000669,4,Aumühle
Aumühle,8000669,4,Aumühle
Bacharach,8000683,4,Bacharach
Backnang,8000016,3,Backnang
Bad Bentheim,8000879,4,Bad Bentheim
Bad Dürkheim,8000698,4,Bad Dürkheim
Bad Endorf (Oberbay),8001787,4,Bad Endorf 
Bad Friedrichshall Hbf,8000017,3,Bad Friedrichshall
Bad Harzburg,8000019,3,Bad Harzburg
Bad Hersfeld,8000020,3,Bad Hersfeld
Bad Homburg,8000712,3,Bad Homburg
Bad Hönningen,8000711,4,Bad Hönningen
Bad Kleinen,8010018,4,Bad Kleinen
Bad Kreuznach,8000021,3,Bad Kreuznach
Bad Krozingen,8000718,4,Bad Krozingen
Bad Langensalza,8010020,4,Bad Langensalza
Bad Münster am Stein,8000726,4,Bad Münster am Stein
Bad Nauheim,8000728,4,Bad Nauheim
Bad Oeynhausen,8000732,3,Bad Oeynhausen
Bad Oldesloe,8000023,2,Bad Oldesloe
Bad Rappenau,8000736,4,Bad Rappenau
Bad Schandau,8010022,3,Bad Schandau
Bad Schönborn Süd,8003533,4,Bad Schönborn
Bad Vilbel,8000760,3,Bad Vilbel
Baden-Baden,8000774,3,Baden-Baden
Bahrenfeld (S-Bahn),8000780,4,Hamburg
Balingen (Württ),8000353,4,Balingen 
Bamberg,8000025,2,Bamberg
Bargteheide,8000804,4,Bargteheide
Barmbek (S-Bahn),8000805,4,Hamburg
Baumschulenweg,8089004,4,Berlin
Bautzen,8010026,4,Bautzen
Bayreuth Hbf,8000028,3,Bayreuth
Bebra,8000029,3,Bebra
Bellevue,8089005,4,Berlin
Bensheim,8000031,4,Bensheim
Bergen auf Rügen,8010033,3,Bergen (Rügen)
Bergfelde (b Berlin),8080100,4,Hohen Neuendorf
Berlin Anhalter Bahnhof,8089002,3,Berlin
Berlin Brandenburger Tor,8089044,4,Berlin
Berlin Frankfurter Allee,8089013,4,Berlin
Berlin Hauptbahnhof,8011160,1,Berlin
Berlin Hauptbahnhof–Lehrter Bahnhof,8011160,1,Berlin
Berlin Hauptbahnhof–Lehrter Bahnhof,8011160,1,Berlin
Berlin Hauptbahnhof–Lehrter Bahnhof,8011160,1,Berlin
Berlin Ostbahnhof,8010255,1,Berlin
Berlin Potsdamer Platz,8011118,2,Berlin
Berlin Südkreuz,8011113,1,Berlin
Berlin Zoologischer Garten,8010406,2,Berlin
Berlin-Adlershof,8089052,4,Berlin
Berlin-Blankenburg,8089056,4,Berlin
Berlin-Buch,8089057,4,Berlin
Berlin-Charlottenburg,8010403,3,Berlin
Berlin-Friedrichshagen,8089060,4,Berlin
Berlin-Friedrichstraße,8011306,2,Berlin
Berlin-Friedrichstraße,8011306,2,Berlin
Berlin-Frohnau,8089061,4,Berlin
Berlin-Gesundbrunnen,8011102,1,Berlin
Berlin-Gesundbrunnen,8011102,1,Berlin
Berlin-Gesundbrunnen,8011102,1,Berlin
Berlin-Grünau,8089063,4,Berlin
Berlin-Grunewald,8089062,4,Berlin
Berlin-Halensee,8089109,4,Berlin
Berlin-Hermsdorf,8089064,4,Berlin
Berlin-Hohenschönhausen,8011901,4,Berlin
Berlin-Hohenschönhausen,8011901,4,Berlin
Berlin-Karlshorst,8010035,3,Berlin
Berlin-Karow,8011046,4,Berlin
Berlin-Kaulsdorf,8089068,4,Berlin
Berlin-Köpenick,8089069,4,Berlin
Berlin-Lichtenberg,8010036,2,Berlin
Berlin-Lichterfelde Ost,8011041,3,Berlin
Berlin-Lichterfelde West,8089071,4,Berlin
Berlin-Mahlsdorf,8011343,4,Berlin
Berlin-Marzahn,8089075,4,Berlin
Berlin-Neukölln,8089077,4,Berlin
Berlin-Nordbahnhof,8089024,4,Berlin
Berlin-Rummelsburg,8089084,4,Berlin
Berlin-Rummelsburg,8089084,4,Berlin
Berlin-Rummelsburg,8089084,4,Berlin
Berlin-Schlachtensee,8089085,4,Berlin
Berlin-Schönefeld Flughafen,8010109,3,Schönefeld
Berlin-Schöneweide Pbf,8010041,3,Berlin
Berlin-Schönholz,8089087,4,Berlin
Berlin-Spandau,8010404,2,Berlin
Berlin-Tempelhof,8089090,4,Berlin
Berlin-Wannsee,8010405,2,Berlin
Berlin-Wannsee ARZ,8010405,2,Berlin
Berlin-Westkreuz,8089047,3,Berlin
Berlin-Westkreuz,8089047,3,Berlin
Berlin-Westkreuz,8089047,3,Berlin
Berlin-Zehlendorf,8089098,4,Berlin
Berliner Tor (S-Bahn),8000908,3,Hamburg
Berliner Tor (S-Bahn),8000908,3,Hamburg
Berliner Tor (S-Bahn),8000908,3,Hamburg
Bernau (b Berlin),8013470,3,Bernau bei Berlin
Bernburg,8010043,4,Bernburg
Betriebsbahnhof Berlin-Rummelsburg,8089006,4,Berlin
Betriebsbahnhof Berlin-Schöneweide,8089007,4,Berlin
Betzdorf (Sieg),8000034,3,Betzdorf 
Beusselstraße,8089118,4,Berlin
Biberach (Riß),8000943,4,Biberach (Riß)
Biblis,8000503,4,Biblis
Bielefeld Hbf,8000036,2,Bielefeld
Bielefeld Hbf,8000036,2,Bielefeld
Biesdorf,8089055,4,Berlin
Bietigheim-Bissingen,8000038,2,Bietigheim-Bissingen
Bingen (Rhein) Hbf,8000039,4,Bingen 
Bingen (Rhein) Stadt,8000976,4,Bingen 
Birkenwerder (b Berlin),8080190,4,Birkenwerder
Bitterfeld,8010050,3,Bitterfeld-Wolfen
Blankenese (S-Bahn),8001007,3,Hamburg
Blankenfelde (Kr Teltow-Fläming),8010053,4,Blankenfelde 
Blankenloch,8001009,4, Stutensee
Bobingen,8001033,4,Bobingen
Böblingen,8001055,3,Böblingen
Bochum Hbf,8000041,2,Bochum
Bochum-Langendreer,8000358,4,Bochum
Bochum-Langendreer,8000358,4,Bochum
Bochum-Langendreer West,8004474,4,Bochum
Bodenheim,8000359,4,Bodenheim
Bonn Hbf,8000044,2,Bonn
Bonn-Bad Godesberg,8001082,4,Bonn
Bonn-Beuel,8001083,4,Bonn
Boppard Hbf,8000045,4,Boppard
Bornheim-Sechtem,8005499,4,Bornheim
Bornholmer Straße,8089008,4,Berlin
Botanischer Garten,8089009,4,Berlin
Bottrop Hbf,8000047,4,Bottrop
Bottrop Hbf,8000047,4,Bottrop
Brackwede,8000048,4,Bielefeld
Brandenburg Hbf,8010060,3,Brandenburg an der Havel
Brannenburg,8001129,4,Brannenburg
Braunschweig Hbf,8000049,2,Braunschweig
Bredstedt,8001139,4,Bredstedt
Bremen Hbf,8000050,2,Bremen
Bremen-Burg,8001156,4,Bremen
Bremen-Mahndorf,8001160,4,Bremen
Bremen-Walle,8001167,4,Bremen
Bremerhaven Hbf,8000051,3,Bremerhaven
Bretten,8000053,4,Bretten
Bruchsal,8000055,2,Bruchsal
Brühl,8001215,4,Brühl
Brühl,8001215,4,Brühl
Büchen,8000058,3,Büchen
Buchholz (Nordheide),8000056,3,Buchholz i.d.Nordheide
Buchloe,8000057,3,Buchloe
Bückeburg,8001245,4,Bückeburg
Bullay DB,8001267,4,Bullay
Bünde (Westf),8000059,4,Bünde 
Bundesplatz,8089107,4,Berlin
Burg (b Magdeburg),8011294,4,Burg
Burgdorf (Han),8001279,4,Burgdorf 
Butzbach,8001312,4,Butzbach
Bützow,8010066,4,Bützow
Buxtehude,8001315,3,Buxtehude
Calbe (Saale) Ost,8010070,4,Calbe (Saale)
Castrop-Rauxel Hbf,8001327,3,Castrop-Rauxel
Celle Pbf,8000064,3,Celle
Cham (Oberpf),8001330,4,Cham 
Chemnitz Hbf,8010184,2,Chemnitz 
Coburg,8001338,4,Coburg
Cochem (Mosel),8001340,4,Cochem 
Coesfeld (Westf),8000066,4,Coesfeld
Coswig (b Dresden),8010072,3,Coswig
Cottbus,8010073,2,Cottbus
Crailsheim,8000067,3,Crailsheim
Dachau Bahnhof,8001354,3,Dachau
Darmstadt Hbf,8000068,2,Darmstadt
Darmstadt-Eberstadt,8001379,4,Darmstadt
Dedensen / Gümmer,8001393,4,Seelze
Deisenhofen,8001404,4,Oberhaching
Delitzsch unt Bf,8010076,4,Delitzsch
Delmenhorst,8000070,3,Delmenhorst
Denzlingen,8001415,4,Denzlingen
Dessau Hauptbahnhof,8010077,3,Dessau-Roßlau
Dieburg,8000362,4,Dieburg
Diepholz,8001443,4,Diepholz
Dillenburg,8000074,4,Dillenburg
Dillingen (Saar),8000075,3,Dillingen (Saar)
Ditzingen,8001476,4,Ditzingen
Doberlug-Kirchhain,8010079,4,Doberlug-Kirchhain
Doberlug-Kirchhain,8010079,4,Doberlug-Kirchhain
Donaueschingen,8000077,4,Donaueschingen
Donauwörth,8000078,4,Donauwörth
Dormagen,8001506,4,Dormagen
Dorsten,8006709,4,Dorsten
Dortmund Hbf,8000080,1,Dortmund
Dortmund Signal-Iduna-Park,8001522,4,Dortmund
Dortmund-Dorstfeld,8000081,3,Dortmund
Dortmund-Dorstfeld,8000081,3,Dortmund
Dortmund-Dorstfeld,8000081,3,Dortmund
Dortmund-Dorstfeld Süd,8004230,4,Dortmund
Dortmund-Hörde,8000961,4,Dortmund
Dortmund-Kley,8004269,4,Dortmund
Dortmund-Oespel,8004288,4,Dortmund
Dortmund-Universität,8004419,4,Dortmund
Dortmund-Westfalenhalle,8001522,4,Dortmund
Dreieich-Buchschlag,8001236,4,Dreieich
Dresden Hbf,8010085,1,Dresden
Dresden Mitte,8013444,4,Dresden
Dresden-Klotzsche,8010088,4,Dresden
Dresden-Neustadt,8010089,2,Dresden
Duisburg Hbf,8000086,1,Duisburg
Duisburg-Buchholz,8001600,4,Duisburg
Duisburg-Großenbaum,8001602,4,Duisburg
Duisburg-Meiderich Süd,8000367,4,Duisburg
Dülmen,8000083,4,Dülmen
Dülmen,8000083,4,Dülmen
Düren,8000084,3,Düren
Düren,8000084,3,Düren
Düsseldorf Flughafen,8000082,2,Düsseldorf
Düsseldorf Flughafen,8000082,2,Düsseldorf
Düsseldorf Flughafen,8000082,2,Düsseldorf
Düsseldorf Flughafen,8000082,2,Düsseldorf
Düsseldorf Hbf,8000085,1,Düsseldorf
Düsseldorf Wehrhahn,8001582,4,Düsseldorf
Düsseldorf Zoo,8001583,4,Düsseldorf
Düsseldorf-Benrath,8001584,3,Düsseldorf
Düsseldorf-Bilk,8001585,4,Düsseldorf
Düsseldorf-Bilk,8001585,4,Düsseldorf
Düsseldorf-Derendorf,8001586,4,Düsseldorf
Düsseldorf-Reisholz,8001594,4,Düsseldorf
Düsseldorf-Reisholz,8001594,4,Düsseldorf
Düsseldorf-Unterrath,8001595,4,Düsseldorf
Eberbach,8000369,3,Eberbach
Ebersbach (Fils),8001632,4,Ebersbach (Fils)
Ebersberg (Oberbay),8001634,4,Ebersberg (Oberbay)
Eberswalde Hbf,8010093,3,Eberswalde
Echterdingen,8001650,4,Echterdingen
Efringen-Kirchen,8001671,4,Efringen-Kirchen
Eglharting,8001682,4,Kirchseeon
Ehingen (Donau),8001684,4,Ehingen (Donau)
Ehningen (b Böblingen),8001689,4,Ehningen 
Eichenberg,8000090,4,Neu-Eichenberg
Eichstätt Bahnhof,8001708,4,Eichstätt
Eidelstedt (S-Bahn),8002555,3,Hamburg
Eidelstedt (S-Bahn),8002555,3,Hamburg
Eilenburg,8010095,4,Eilenburg
Eisenach,8010097,3,Eisenach
Eisenach,8010097,3,Eisenach
Eislingen (Fils),8001731,4,Eislingen (Fils)
Elbgaustraße (S-Bahn),8001739,4,Hamburg
Elbgaustraße (S-Bahn),8001739,4,Hamburg
Elmshorn,8000092,3,Elmshorn
Elmshorn,8000092,3,Elmshorn
Elsterwerda,8010099,4,Elsterwerda
Elze (Han),8000093,4,Elze 
Emden Hbf,8001768,3,Emden
Emmendingen,8001771,4,Emmendingen
Emmerich,8001773,4,Emmerich
Emsdetten,8001782,4,Emsdetten
Endersbach,8001785,4,Weinstadt
Engen,8001790,4,Engen 
Erbach (Württ),8001820,4,Erbach (Württ)
Erftstadt,8003671,4,Erftstadt
Erftstadt,8003671,4,Erftstadt
Erfurt Hbf,8010101,2,Erfurt
Erkelenz,8001839,4,Erkelenz
Erkner,8013477,3,Erkner
Erlangen,8001844,3,Erlangen
Erzhausen,8001864,4,Erzhausen
Erzingen (Baden),8001865,4,Klettgau
Eschhofen,8001883,4,Limburg a. d. Lahn
Eschweiler Hbf,8001886,4,Eschweiler
Essen Hbf,8000098,1,Essen
Essen Stadtwald,8001896,4,Essen
Essen West,8001898,4,Essen
Essen-Frohnhausen,8001906,4,Essen
Essen-Steele,8000099,4,Essen
Essen-Steele Ost,8001913,4,Essen
Esslingen (Neckar),8001920,3,Esslingen am Neckar
Esslingen-Mettingen,8001921,3,Esslingen am Neckar
Esslingen-Zell,8006642,4,Esslingen am Neckar
Esting,8001996,4,Esting
Etelsen,8001924,4,Langwedel
Euskirchen,8000100,3,Euskirchen
Eutingen im Gäu,8000101,4,Eutingen im Gäu
Evershagen,8011523,4,Rostock
Falkenberg (Elster),8010103,3,Falkenberg (Elster)
Falkenberg (Elster),8010103,3,Falkenberg (Elster)
Fellbach,8001974,3,Fellbach
Feucht,8001978,3,Feucht
Finnentrop,8000102,4,Finnentrop
Flensburg,8000103,3,Flensburg
Flöha,8010108,4,Flöha
Flörsheim (Main),8002013,4,Flörsheim (Main)
Flughafen Köln/Bonn,8003330,3,Köln
Flughafen Leipzig/Halle,8012183,3,Schkeuditz
Flughafen München,8004168,4,Oberding
Flughafen München Besucherpark,8004167,4,Freising
Forchheim (Oberfr),8002024,4,Forchheim (Oberfr)
Frankenthal Hbf,8000332,4,Frankenthal
Frankenthal-Süd,8002025,4,Frankenthal
Frankfurt (Main) Flughafen Regionalbahnhof,8070004,3,Frankfurt am Main
Frankfurt (Main) Galluswarte,8006690,4,Frankfurt am Main
Frankfurt (Main) Hauptwache,8006692,3,Frankfurt am Main
Frankfurt (Main) Hbf,8000105,1,Frankfurt am Main
Frankfurt (Main) Hbf,8000105,1,Frankfurt am Main
Frankfurt (Main) Konstablerwache,8004429,3,Frankfurt am Main
Frankfurt (Main) Lokalbahnhof,8002038,4,Frankfurt am Main
Frankfurt (Main) Mühlberg,8002034,4,Frankfurt am Main
Frankfurt (Main) Niederrad,8002050,3,Frankfurt am Main
Frankfurt (Main) Ostendstraße,8002058,3,Frankfurt am Main
Frankfurt (Main) Sportfeld,8002040,3,Frankfurt am Main
Frankfurt (Main) Stresemannallee,8002059,4,Frankfurt am Main
Frankfurt (Main) Süd,8002041,2,Frankfurt am Main
Frankfurt (Main) Taunusanlage,8006691,3,Frankfurt am Main
Frankfurt (Main) West,8002042,3,Frankfurt am Main
Frankfurt (Main) West,8002042,3,Frankfurt am Main
Frankfurt (Oder),8010113,3,Frankfurt (Oder)
Frankfurt (Oder),8010113,3,Frankfurt (Oder)
Frankfurt am Main Flughafen Fernbahnhof,8070003,3,Frankfurt am Main
Frankfurt am Main Messe,8079632,4,Frankfurt am Main
Frankfurt am Main Stadion,8002040,3,Frankfurt am Main
Frankfurt-Frankfurter Berg,8002044,4,Frankfurt am Main
Frankfurt-Griesheim,8002046,4,Frankfurt am Main
Frankfurt-Höchst,8000106,3,Frankfurt am Main
Frankfurt-Louisa,8002047,4,Frankfurt am Main
Frankfurt-Rödelheim,8002052,3,Frankfurt am Main
Freiberg (Sachs),8010115,4,Freiberg 
Freiburg (Breisgau) Hbf,8000107,2,Freiburg
Freilassing,8000108,3,Freilassing
Freinsheim,8000374,4, Freinsheim
Freising,8002078,3,Freising
Freital-Deuben,8011569,4,Freital
Friedberg (Hess),8000111,3,Friedberg (Hessen)
Friedenau,8089058,4,Berlin
Friedrichsberg (S-Bahn),8002106,4,Hamburg
Friedrichsdorf (Taunus),8002108,4,Friedrichsdorf (Taunus)
Friedrichsfelde Ost,8089059,4,Berlin
Friedrichshafen Stadt,8000112,3,Friedrichshafen
Fröndenberg,8000113,4,Fröndenberg (Ruhr)
Fulda,8000115,2,Fulda
Fürstenfeldbruck,8002141,4,Fürstenfeldbruck
Fürstenwalde (Spree),8010120,4,Fürstenwalde (Spree)
Fürth (Bay) Hbf,8000114,2,Fürth
Garmisch-Partenkirchen,8002187,3,Garmisch-Partenkirchen
Gau Algesheim,8000375,4,Gau Algesheim
Gauting,8002198,4,Gauting
Geislingen (Steige),8002218,4,Geislingen (Steige)
Geithain,8010122,4,Geithain
Gelnhausen,8000117,4,Gelnhausen
Gelsenkirchen Hbf,8000118,2,Gelsenkirchen
Gelsenkirchen Hbf,8000118,2,Gelsenkirchen
Geltendorf,8000119,3,Geltendorf
Gemünden (Main),8000120,4,Gemünden (Main)
Gengenbach,8002235,4,Gengenbach
Genthin,8010123,4,Genthin
Georgensgmünd,8002237,4,Georgensgmünd
Gera Hbf,8010125,3,Gera
Germering-Unterpfaffenhofen,8006006,4,Germering
Gernlinden,8002247,4,Maisach
Gerolstein,8000123,4,Gerolstein
Gießen,8000124,2,Gießen
Gifhorn,8000185,4,Gifhorn
Gladbeck West,8000125,4,Gladbeck
Glauchau (Sachs),8010129,3,Glauchau 
Göppingen,8000127,3,Göppingen
Görlitz,8010131,3,Görlitz
Goslar,8000130,4,Goslar
Gößnitz,8010134,4,Gößnitz
Gotha,8010136,3,Gotha
Göttingen,8000128,2,Göttingen
Graben-Neudorf,8000131,3,Graben-Neudorf
Gräfelfing,8002339,4,Gräfelfing
Grafing Bahnhof,8002347,3,Grafing
Greifswald,8010139,4,Greifswald
Greifswalder Straße,8089011,4,Berlin
Greifswalder Straße,8089011,4,Berlin
Greven,8002369,3,Greven
Grevenbroich,8000133,4,Grevenbroich
Griebnitzsee,8011695,4,Potsdam
Gröbenzell,8002377,4,Gröbenzell
Gronsdorf,8002383,4,Haar
Groß Gerau-Dornberg,8002386,3,Groß Gerau-Dornberg
Groß Karben,8002388,4,Karben
Großkorbetha,8010146,4,Großkorbetha
Gruiten,8000138,4,Haan-Gruiten
Gruiten,8000138,4,Haan-Gruiten
Grunbach,8002448,4,Remshalden
Grünstadt,8000137,4,Grünstadt
Günzburg,8000139,3,Günzburg
Gunzenhausen,8000385,4,Gunzenhausen
Güstrow,8010153,3,Güstrow
Gütersloh Hbf,8002461,3,Gütersloh
Haar,8002491,4,Haar b. München
Hackescher Markt,8089017,4,Berlin
Hagen Hbf,8000142,2,Hagen
Halberstadt,8010157,3,Halberstadt
Halle (Saale) Hbf,8010159,2,Halle 
Halle-Neustadt,8010160,4,Halle
Halstenbek (S-Bahn),8002545,4,Halstenbek
Haltern (Westf),8000145,4,Haltern am See
Haltern am See,8000145,4,Haltern am See
Hamburg Airport (Flughafen),8002547,4,Hamburg
Hamburg Dammtor,8002548,2,Hamburg
Hamburg Dammtor,8002548,2,Hamburg
Hamburg Hbf,8002549,1,Hamburg
Hamburg Hbf,8002549,1,Hamburg
Hamburg-Altona,8002553,1,Hamburg
Hamburg-Altona,8002553,1,Hamburg
Hamburg-Bergedorf,8002554,3,Hamburg
Hamburg-Bergedorf,8002554,3,Hamburg
Hamburg-Harburg,8000147,2,Hamburg
Hamburg-Harburg,8000147,2,Hamburg
Hamburg-Neugraben,8002557,3,Hamburg
Hamburg-Neugraben,8002557,3,Hamburg
Hamburg-Rahlstedt,8002558,4,Hamburg
Hamburg-Tonndorf,8006197,4,Hamburg
Hamburg-Wandsbek,8002560,4,Hamburg-Marienthal
Hameln,8000148,3,Hameln
Hamm (Westf),8000149,2,Hamm 
Hammerbrook (S-Bahn),8004266,4,Hamburg
Hanau Hbf,8000150,2,Hanau
Hanau Hbf,8000150,2,Hanau
Hanau Hbf,8000150,2,Hanau
Hannover–Ledeburg,8079097,4,Hannover
Hannover–Ledeburg,8079097,4,Hannover
Hannover–Vinnhorst,8006089,4,Hannover
Hannover Bismarckstraße,8002580,4,Hannover
Hannover Hbf,8000152,1,Hannover
Hannover Karl-Wiechert-Allee,8070086,4,Hannover
Hannover-Flughafen,8002589,4,Langenhagen
Hannover-Linden,8002586,4,Hannover
Hannover-Messe / Laatzen,8003487,4,Laatzen
Hannover-Messe / Laatzen,8003487,4,Laatzen
Hannover-Messe / Laatzen,8003487,4,Laatzen
Hannover-Nordstadt,8079095,4,Hannover
Harburg Rathaus (S-Bahn),8004267,3,Hamburg
Hasselbrook (S-Bahn),8002628,4,Hamburg
Hasselbrook (S-Bahn),8002628,4,Hamburg
Haßloch (Pfalz),8002632,4,Haßloch
Haste (Han),8002634,4,Haste
Hausach,8000333,4,Hausach
Heide (Holst),8000155,3,Heide
Heidelberg Hbf,8000156,2,Heidelberg
Heidelberg Karlstor,8002685,4,Heidelberg
Heidelberg-Altstadt,8002685,4,Heidelberg
Heidelberg-Kirchheim/Rohrbach,8002686,4,Heidelberg-Kirchheim
Heidelberg-Pfaffengrund/Wieblingen,8002687,4,Heidelberg-Wieblingen
Heidelberg-Pfaffengrund/Wieblingen,8002687,4,Heidelberg-Wieblingen
Heidelberger Platz,8089112,4,Berlin
Heidenau,8010163,4,Heidenau
Heidenheim,8002689,4,Heidenheim
Heilbad Heiligenstadt,8011849,4,Heilbad Heiligenstadt 
Heilbronn Hbf,8000157,2,Heilbronn
Heilbronn Hbf,8000157,2,Heilbronn
Heilbronn Hbf,8000157,2,Heilbronn
Heiligensee,8089025,4,Berlin
Heimfeld (S-Bahn),8006749,4,Hamburg
Helmstedt,8000159,4,Helmstedt
Hennef (Sieg),8002753,4,Hennef (Sieg)
Hennigsdorf (b Berlin),8013483,3,Hennigsdorf
Herborn (Dillkr),8000161,4,Herborn
Herford,8000162,2,Herford
Hermannstraße,8089105,4,Berlin
Herne,8000164,3,Herne
Herrenberg,8002785,3,Herrenberg
Hersbruck (rechts Pegnitz),8002794,4,Hersbruck
Herzogenrath,8002806,3,Herzogenrath
Herzogenrath,8002806,3,Herzogenrath
Hilden,8000388,4,Hilden 
Hildesheim Hbf,8000169,2,Hildesheim
Hirschhorn (Neckar),8002857,4,Hirschhorn (Neckar)
Hochkamp (S-Bahn),8002873,4,Hamburg
Hochspeyer,8002875,4,Hochspeyer
Hockenheim,8002883,4,Hockenheim
Hof Hbf,8002924,3,Hof
Hofgeismar,8002933,4,Hofgeismar
Hofheim (Taunus),8002935,4,Hofheim (Taunus)
Hoheneichen (S-Bahn),8002946,4,Hamburg
Hoheneichen (S-Bahn),8002946,4,Hamburg
Hohenzollerndamm,8089108,4,Berlin
Holstenstraße (S-Bahn),8002550,4,Hamburg
Holzkirchen,8002980,3,Holzkirchen
Holzminden,8000391,4,Holzminden
Homburg (Saar) Hbf,8000176,3,Homburg (Saar)
Hoppegarten (Mark),8080750,4,Hoppegarten
Horb,8000177,3,Horb
Horrem,8000178,3,Kerpen
Horrem,8000178,3,Kerpen
Hückelhoven-Baal,8000677,4,Hückelhoven-Baal
Hude,8000522,4,Hude
Humboldthain,8089018,4,Berlin
Hürth-Kalscheuren,8003160,4,Hürth-Kalscheuren
Husum,8000181,3,Husum
Ibbenbüren,8003036,4,Ibbenbüren
Idar-Oberstein,8003040,4,Idar-Oberstein
Immendingen,8000182,4,Immendingen
Immenstadt,8003065,4,Immenstadt
Ingelheim,8003075,4,Ingelheim
Ingolstadt Hbf,8000183,2,Ingolstadt
Ingolstadt Nord,8003076,3,Ingolstadt
Innsbrucker Platz,8089106,4,Berlin
Ismaning,8003092,4,Ismaning
Itzehoe,8003102,3,Itzehoe
Jannowitzbrücke,8089019,4,Berlin
Jena Paradies,8011956,3,Jena
Jena West,8011957,3,Jena
Jena-Göschwitz,8010133,4,Jena
Jungfernheide,8011167,4,Berlin
Jungfernheide,8011167,4,Berlin
Jungfernstieg (S-Bahn),8003137,4,Hamburg
Jungfernstieg (S-Bahn),8003137,4,Hamburg
Jüterbog,8010182,4,Jüterbog
Kahl (Main),8003143,4,Kahl (Main)
Kaiserslautern Hbf,8000189,2,Kaiserslautern
Kamen,8003168,4,Kamen
Karlsruhe Hbf,8000191,1,Karlsruhe
Karlsruhe-Durlach,8003184,3,Karlsruhe
Karlsruhe-Durlach,8003184,3,Karlsruhe
Karlstadt (Main),8003189,4,Karlstadt (Main)
Karthaus,8000402,4,Konz
Kassel Hbf,8000193,2,Kassel
Kassel-Wilhelmshöhe,8003200,2,Kassel
Kaufbeuren,8000194,4,Kaufbeuren
Kaufering,8000195,4,Kaufering
Kehl,8003218,4,Kehl
Kehl,8003218,4,Kehl
Keitum,8003222,4,Sylt/ OT Keitum
Kempten (Allgäu) Hbf,8000197,3,Kempten 
Kettwig,8000198,4,Essen
Kiefersfelden,8003249,4,Kiefersfelden
Kiel Hbf,8000199,2,Kiel
Kiel Hbf,8000199,2,Kiel
Kirchenlaibach,8000201,4,Speichersdorf
Kirchhain (Bz Kassel),8000435,4,Kirchhain
Kirchheim (Teck),8003280,4,Kirchheim unter Teck
Kirchseeon,8003290,4,Kirchseeon
Kirchseeon,8003290,4,Kirchseeon
Kirchweyhe,8003292,4,Weyhe
Kissing,8003299,4,Kissing
Klein Flottbek (S-Bahn),8003312,4,Hamburg
Koblenz Hbf,8000206,2,Koblenz
Koblenz Stadtmitte,8003341,4,Koblenz
Köln Frankfurter Straße,8003358,4,Köln
Köln Frankfurter Straße,8003358,4,Köln
Köln Geldernstr/Parkgürtel,8003360,4,Köln
Köln Hansaring,8003392,4,Köln
Köln Hbf,8000207,1,Köln
Köln Steinstraße,8003379,4,Köln
Köln Süd,8003361,4,Köln
Köln Trimbornstrasse,8003320,4,Köln-Kalk
Köln West,8003363,4,Köln
Köln-Chorweiler,8003365,4,Köln
Köln-Chorweiler Nord,8003366,4,Köln
Köln-Dellbrück,8003367,4,Köln
Köln-Deutz,8003368,1,Köln
Köln-Deutz,8003368,1,Köln
Köln-Deutz,8003368,1,Köln
Köln-Ehrenfeld,8000208,3,Köln
Köln-Ehrenfeld,8000208,3,Köln
Köln-Ehrenfeld,8000208,3,Köln
Köln-Hansaring,8003392,4,Köln
Köln-Longerich,8003371,4,Köln
Köln-Mülheim,8000209,3,Köln-Mülheim
Köln-Trimbornstrasse,8003320,4,Köln-Kalk
Königs Wusterhausen,8010193,4,Königs Wusterhausen
Königslutter,8003382,4,Königslutter
Königstraße (S-Bahn),8006706,4,Hamburg
Königstraße (S-Bahn),8006706,4,Hamburg
Königswinter,8003386,4,Königswinter
Konstanz,8003400,3,Konstanz
Korntal,8003409,4,Korntal
Kornwestheim Pbf,8003411,3,Kornwestheim
Köthen,8010195,3,Köthen
Krefeld Hbf,8000211,3,Krefeld
Krefeld-Oppum,8000212,4,Krefeld
Kreiensen,8000213,4,Kreiensen
Kreuztal,8000214,4,Kreuztal
Kriftel,8003442,4,Kriftel
Krupunder (S-Bahn),8003460,4,Halstenbek
Kulmbach,8003476,4,Kulmbach
Lahr (Schwarzw),8003494,4,Lahr 
Lambrecht (Pfalz),8003497,4,Lambrecht
Lampertheim,8003503,4,Lampertheim
Landau (Pfalz) Hbf,8000216,4,Landau
Landsberger Allee,8089020,4,Berlin
Landshut (Bay) Hbf,8000217,2,Landshut 
Landstuhl,8003515,3,Landstuhl
Landungsbrücken (S-Bahn),8003518,4,Hamburg
Landwehr (S-Bahn),8003519,4,Hamburg
Lang Göns,8003520,4,Langgöns
Langen (Hess),8003523,4,Langen
Langenfelde (S-Bahn),8003541,4,Hamburg
Langenhagen Pferdemarkt,8003542,4,Langenhagen
Langenhagen-Mitte,8003545,3,Langenhagen
Langenselbold,8003550,4,Langenselbold
Langwedel,8000586,4,Langwedel
Lauda,8000221,4,Lauda-Königshofen
Lauffen (Neckar),8003588,4,Lauffen (Neckar)
Laupheim West,8003592,4,Laupheim
Leer (Ostfriesl),8000225,3,Leer
Lehrte,8000226,3,Lehrte
Leinefelde,8010203,3,Leinefelde
Leinfelden,8003622,4,Leinfelden-Echterdingen
Leipzig Hbf,8010205,1,Leipzig
Leipzig Messe,8012478,3,Leipzig
Leipzig Neue Messe,8012478,3,Leipzig
Leipzig-Gohlis,8012188,4,Leipzig
Leipzig-Möckern,8012193,4,Leipzig
Lennestadt-Altenhundem,8000532,4,Lennestadt
Leonberg,8003652,4,Leonberg
Letmathe,8000227,4,Iserlohn
Leverkusen Mitte,8006713,4,Leverkusen
Leverkusen Mitte,8006713,4,Leverkusen
Lichtenfels,8000228,3,Lichtenfels
Lichtenhagen,8012221,4,Rostock
Limburg (Lahn),8000229,3,Limburg
Limburg Süd,8003680,4,Limburg
Limburgerhof,8003687,4,Limburgerhof
Lindau Hbf,8000230,3,Lindau
Lindern,8003697,4,Geilenkirchen
Lingen (Ems),8003701,4,Lingen 
Linz (Rhein),8003708,4,Linz 
Lippstadt,8000571,4,Lippstadt
Löbau (Sachs),8010212,4,Löbau
Lochham,8003720,4,Gräfelfing
Löhne (Westf),8000233,4,Löhne
Lörrach,8003729,4,Lörrach
Lörrach Hbf,8003729,4,Lörrach
Lübben (Spreewald),8010217,4,Lübben
Lübbenau (Spreewald),8010220,4,Lübbenau 
Lübeck Hbf,8000237,2,Lübeck
Ludwigsburg,8000235,3,Ludwigsburg
Ludwigsfelde,8010215,4,Ludwigsfelde
Ludwigshafen (Rhein) Hbf,8000236,2,Ludwigshafen
Ludwigshafen (Rhein) Hbf,8000236,2,Ludwigshafen
Ludwigshafen (Rhein) Mitte,8003759,3,Ludwigshafen
Ludwigshafen (Rhein) Mitte,8003759,3,Ludwigshafen
Ludwigshafen-Oggersheim,8003766,4,Ludwigshafen
Ludwigslust,8010216,4,Ludwigslust
Lüneburg,8000238,2,Lüneburg
Lüneburg,8000238,2,Lüneburg
Lünen Hbf,8000239,4,Lünen
Lutherstadt Wittenberg,8010222,3,Lutherstadt Wittenberg
Magdeburg Hbf,8010224,2,Magdeburg
Magdeburg-Buckau,8013456,4,Magdeburg
Magdeburg-Neustadt,8010226,4,Magdeburg
Maintal Ost,8002877,4,Maintal
Mainz Hbf,8000240,2,Mainz
Mainz Römisches Theater,8003816,3,Mainz
Mainz Süd,8003816,3,Mainz
Mainz-Bischofsheim,8000241,4,Bischofsheim
Mainz-Bischofsheim,8000241,4,Bischofsheim
Mainz-Gustavsburg,8003818,4,Ginsheim-Gustavsburg
Mainz-Kastel,8000615,4,Wiesbaden
Maisach,8003824,4,Maisach
Mammendorf-Nannhofen,8004204,4,Mammendorf
Mammendorf-Nannhofen,8004204,4,Mammendorf
Mannheim Hbf,8000244,2,Mannheim
Mannheim-Friedrichsfeld,8000631,4,Mannheim
Mannheim-Friedrichsfeld Süd,8003842,4,Mannheim
Mannheim-Neckarau,8003844,4,Mannheim
Mannheim-Seckenheim,8003847,4,Mannheim
Mannheim-Waldhof,8003848,4,Mannheim
Marbach (Neckar),8003853,4,Marbach am Neckar
Marburg (Lahn),8000337,2,Marburg
Markt Schwaben,8003879,3,Markt Schwaben
Marktredwitz,8000247,3,Marktredwitz
Meckenbeuren,8003930,4,Meckenbeuren
Meckesheim,8003932,4,Meckesheim
Meiningen,8010230,4,Meiningen
Melle,8003956,4,Melle
Memmingen,8000249,3,Memmingen
Mering,8003982,3,Mering
Mering-St Afra,8004008,4,Mering
Merseburg,8010232,4,Merseburg
Merzig (Saar),8003992,4,Merzig (Saar)
Meschede,8003993,4,Meschede
Messe Nord / ICC (Witzleben),8089110,4,Berlin
Metzingen,8004009,4,Metzingen
Mexikoplatz,8089023,4,Berlin
Michendorf,8010233,4,Michendorf
Mindelheim,8000338,4,Mindelheim
Minden (Westf),8000252,3,Minden
Mittenwald,8004043,4,Mittenwald
Mittenwald,8004043,4,Mittenwald
Mittlerer Landweg (S-Bahn),8004048,4,Hamburg
Mittlerer Landweg (S-Bahn),8004048,4,Hamburg
Mönchengladbach Hbf,8000253,2,Mönchengladbach
Montabaur,8000667,4,Montabaur
Montabaur,8000667,4,Montabaur
Moosburg,8004084,4,Moosburg
Mörfelden,8004065,4,Mörfelden - Walldorf
Mosbach-Neckarelz,8000264,3,Mosbach-Neckarelz
Mühlacker,8000339,4,Mühlacker
Mühlhausen (Thür),8010235,4,Mühlhausen / Thüringen
Mühlheim (Main),8004112,4,Mühlheim (Main)
Mülheim (Ruhr) Hbf,8000259,3,Mülheim an der Ruhr
Mülheim (Ruhr)-Styrum,8000687,3,Mülheim an der Ruhr
Müllheim (Baden),8004124,4,Müllheim 
München Donnersbergerbrücke,8004128,3,München
München Harras,8004130,4,München
München Hbf tief,8000261,1,München
München Hbf,8000261,1,München
München Hbf,8000261,1,München
München Hbf,8000261,1,München
München Heimeranplatz,8005419,4,München
München Heimeranplatz,8005419,4,München
München Isartor,8004131,4,München
München Karlsplatz,8004132,3,München
München Leuchtenbergring,8004134,4,München
München Marienplatz,8004135,3,München
München Ost,8000262,1,München
München Rosenheimer Platz,8004136,3,München
München Siemenswerke,8004137,4,München
München-Allach,8004140,4,München
München-Berg am Laim,8004142,4,München
München-Freiham,8004181,4,München
München-Giesing,8004148,3,München
München-Hackerbrücke,8004129,3,München
München-Hirschgarten,8004179,3,München
München-Karlsfeld,8004150,4,München
München-Laim Pbf,8004151,3,München
München-Langwied,8004152,4,München
München-Mittersendling,8004154,4,München
München-Moosach,8004155,4,München
München-Obermenzing,8004157,4,München
München-Pasing,8004158,2,München
München-Riem Pbf,8004160,4,München
München-Untermenzing,8004139,4,München
München-Westkreuz,8004163,4,München
Münster (Westf) Hbf,8000263,2,Münster
Münster (Westf) Hbf,8000263,2,Münster
Murnau,8004185,4,Murnau
Nauen,8010239,3,Nauen
Naumburg (Saale) Hbf,8010240,3,Naumburg 
Neckarelz,8000264,3,Mosbach-Neckarelz
Neckargemünd,8000265,3,Neckargemünd
Neckarsteinach,8004219,4,Neckarsteinach
Neckarsulm,8004220,3,Neckarsulm
Nettelnburg (S-Bahn),8004241,4,Hamburg
Neu Isenburg,8004246,4,Neu Isenburg
Neu Ulm,8006730,4,Neu Ulm
Neubeckum,8004251,4,Beckum
Neubeckum,8004251,4,Beckum
Neubiberg,8004252,4,Neubiberg
Neubrandenburg,8010241,3,Neubrandenburg
Neubrücke (Nahe),8004253,4,Hoppstädten-Weiersbach
Neudietendorf,8010242,4,Neudietendorf
Neuenmarkt-Wirsberg,8000267,4,Neuenmarkt
Neufahrn (b Freising),8004279,4,Neufahrn
Neuhaus (Pegnitz),8004284,4,Neuhaus (Pegnitz)
Neukieritzsch,8010243,4,Neukieritzsch
Neumarkt (Oberpf),8004305,3,Neumarkt (Oberpf)
Neumünster,8000271,2,Neumünster
Neunkirchen (Saar) Hbf,8000272,3,Neunkirchen (Saar)
Neuss Hbf,8000274,2,Neuss
Neuss Hbf,8000274,2,Neuss
Neuss Hbf,8000274,2,Neuss
Neustadt (Aisch) Bahnhof,8004323,4,Neustadt (Aisch)
Neustadt (Weinstr) Böbig,8004489,4,Neustadt 
Neustadt (Weinstr) Hbf,8000275,2,Neustadt 
Neustadt a Rübenberge,8004322,4,Neustadt a Rübenberge
Neustrelitz Hbf,8010250,4,Neustrelitz
Neuwied,8000276,3,Neuwied
Neuwiedenthal (S-Bahn),8006750,4,Hamburg
Neuwirtshaus-Porscheplatz,8004338,4,Stuttgart
Nidda,8000277,4,Nidda
Niebüll,8004343,3,Niebüll
Niederlahnstein,8000278,4,Lahnstein
Niedernhausen (Taunus),8004400,4,Niedernhausen
Nienburg (Weser),8000279,3,Nienburg  
Nikolassee,8089078,4,Berlin
Nikolassee,8089078,4,Berlin
Nikolassee,8089078,4,Berlin
Norddeich Mole,8007768,4,Norden
Nordhausen,8010256,3,Nordhausen
Northeim (Han),8000283,3,Northeim 
Nottuln-Appelhülsen,8000595,4,Nottuln-Appelhülsen
Nürnberg Hbf,8000284,1,Nürnberg
Nürnberg-Frankenstadion,8004493,4,Nürnberg
Nürtingen,8004488,3,Nürtingen
Oberesslingen,8004528,4,Esslingen am Neckar
Oberhausen Hbf,8000286,2,Oberhausen
Oberschleißheim,8004580,4,Oberschleißheim
Oberstdorf,8004585,3,Oberstdorf
Oberursel (Taunus),8004596,4,Oberursel (Taunus)
Oelde,8004626,4,Oelde
Offenbach (Main) Hbf,8000349,4,Offenbach (Main)
Offenbach (Main) Ost,8004645,3,Offenbach (Main)
Offenbach Ledermuseum,8070091,4,Offenbach (Main)
Offenbach Marktplatz,8070090,4,Offenbach (Main)
Offenbach-Kaiserlei,8070092,4,Offenbach (Main)
Offenburg,8000290,2,Offenburg
Oftersheim,8004658,4,Oftersheim
Ohlsdorf (S-Bahn),8004661,4,Hamburg
Ohlsdorf (S-Bahn),8004661,4,Hamburg
Olching,8004667,4,Olching
Oldenburg (Oldb) Hbf,8000291,2,Oldenburg (Oldb)
Olympiastadion,8089330,3,Berlin
Opladen,8000853,4,Leverkusen
Oranienburg,8013487,3,Oranienburg
Oranienburger Straße,8089027,4,Berlin
Osnabrück Altstadt,8004689,4,Osnabrück
Osnabrück Hasetor,8004689,4,Osnabrück
Osnabrück Hbf,8000294,2,Osnabrück
Osnabrück Hbf,8000294,2,Osnabrück
Osnabrück Hbf,8000294,2,Osnabrück
Osnabrück Hbf,8000294,2,Osnabrück
Osterburken,8000295,4,Osterburken
Osterholz-Scharmbeck,8004702,4,Osterholz-Scharmbeck
Osthofen,8004714,4,Osthofen
Ostkreuz,8011162,3,Berlin
Ostseebad Binz,8011191,3,Binz
Othmarschen (S-Bahn),8004719,4,Hamburg
Ötigheim,8004636,4,Ötigheim
Paderborn Hbf,8000297,2,Paderborn
Papenburg (Ems),8004751,4,Papenburg 
Papestraße,8011113,1,Berlin
Papestraße,8011113,1,Berlin
Papestraße,8011113,1,Berlin
Parsberg,8004755,4,Parsberg
Pasewalk,8010268,4,Pasewalk
Passau Hbf,8000298,3,Passau
Pegnitz,8004759,4,Pegnitz
Petershausen (Oberbay),8004775,3,Petershausen (Oberbay)
Pforzheim Hbf,8000299,2,Pforzheim
Pinneberg,8004819,3,Pinneberg
Pinneberg,8004819,3,Pinneberg
Pirmasens Nord,8000876,4,Thaleischweiler-Fröschen
Pirna,8010272,4,Pirna
Planegg (Krailling),8004827,4,Planegg
Plänterwald,8089030,4,Berlin
Plattling,8000301,3,Plattling
Plauen (Vogtl) ob Bf,8010275,3,Plauen 
Pleinfeld,8004835,4,Pleinfeld
Plettenberg,8004838,4,Plettenberg
Plochingen,8000302,2,Plochingen
Plüderhausen,8004842,4,Plüderhausen
Porta Westfalica,8004868,4,Porta Westfalica
Porta Westfalica,8004868,4,Porta Westfalica
Porz (Rhein),8004869,4,Köln
Porz-Wahn,8004873,4,Köln
Possenhofen,8004874,4,Pöcking
Potsdam Charlottenhof,8010280,4,Potsdam
Potsdam Hbf,8012666,2,Potsdam
Potsdam Park Sanssouci,8010377,3,Potsdam
Potsdamer Platz,8011118,2,Berlin
Prenzlau,8010282,4,Prenzlau
Prenzlauer Allee,8089033,4,Berlin
Prien a Chiemsee,8004885,4,Prien am Chiemsee
Priesterweg,8089034,4,Berlin
Puchheim,8004893,4,Puchheim
Radeberg,8012699,4,Radeberg
Radolfzell,8000880,4,Radolfzell 
Rastatt,8000306,4,Rastatt
Rathaus Steglitz,8089036,4,Berlin
Rathenow,8010296,4,Rathenow
Raubling,8004955,4,Raubling
Raunheim,8004962,4,Raunheim
Ravensburg,8004965,4,Ravensburg
Recklinghausen Hbf,8000307,3,Recklinghausen
Reeperbahn (S-Bahn),8006705,4,Hamburg
Regensburg Hbf,8000309,2,Regensburg
Reichenbach (Vogtl) ob Bf,8012739,4,Reichenbach 
Remagen,8000310,3,Remagen
Rendsburg,8000312,4,Rendsburg
Renningen,8000313,4,Renningen
Reutlingen Hbf,8000314,3,Reutlingen
Rheda-Wiedenbrück,8000315,4,Rheda -Wiedenbrück
Rheine,8000316,3,Rheine
Rheinfelden (Baden),8005064,4,Rheinfelden           
Rheinhausen,8000317,4,Duisburg
Rheydt Hbf,8000318,4,Mönchengladbach
Ribnitz-Damgarten West,8012763,4,Ribnitz
Riedstadt-Goddelau,8000126,4,Riedstadt
Riesa,8010297,3,Riesa
Rödermark-Ober Roden,8000285,4,Ober Roden / Rödermark
Röntgental,8081210,4,Panketal
Rosenheim,8000320,2,Rosenheim
Roßlau (Elbe),8010302,4,Roßlau (Elbe)
Rostock Evershagen,8011523,4,Rostock
Rostock Hbf,8010304,2,Rostock
Rostock Holbeinplatz,8012805,4,Rostock
Rostock Lichtenhagen,8012221,4,Rostock
Rostock Parkstraße,8012801,4,Rostock
Rostock-Marienehe,8012807,4,Rostock-Marienehe
Rotenburg (Wümme),8000321,4,Rotenburg 
Roth,8005185,3,Roth
Rottendorf,8005198,4,Rottendorf
Rottweil,8000322,3,Rottweil
Rübenkamp (S-Bahn),8005207,4,Hamburg
Rudolstadt (Thür),8010306,4,Rudolstadt (Thür)
Rüsselsheim,8005220,3,Rüsselsheim
Rüsselsheim Opelwerk,8005221,4,Rüsselsheim
Saalfeld (Saale),8010309,3,Saalfeld (Saale)
Saarbrücken Hbf,8000323,2,Saarbrücken
Saarburg (Bz Trier),8005245,4,Saarburg
Saarlouis Hbf,8005247,3,Saarlouis
Salzbergen,8005262,4,Salzbergen
Salzwedel,8010310,4,Salzwedel
Sandersleben (Anh),8010311,4,Sandersleben
Sangerhausen,8010312,4,Sangerhausen
Savignyplatz,8089037,4,Berlin
Schifferstadt,8000326,3,Schifferstadt
Schlüchtern,8000891,4,Schlüchtern
Schönebeck (Elbe),8010318,3,Schönebeck (Elbe)
Schöneberg,8089474,4,Berlin
Schöneberg,8089474,4,Berlin
Schöneberg,8089474,4,Berlin
Schönhauser Allee,8089039,4,Berlin
Schopfheim,8005420,4,Schopfheim
Schorndorf,8005424,3,Schorndorf
Schwabach,8005439,3,Schwabach
Schwäbisch Gmünd,8000329,4,Schwäbisch Gmünd
Schwäbisch Hall-Hessental,8000330,4,Schwäbisch Hall
Schwandorf,8000027,4,Schwandorf
Schweinfurt Hbf,8000032,3,Schweinfurt
Schwelm,8000033,3,Schwelm
Schwerin Hbf,8010324,3,Schwerin
Schwerte (Ruhr),8000037,4,Schwerte 
Schwetzingen,8005494,4,Schwetzingen
Sechtem,8005499,4,Bornheim
Seckach,8000042,4,Seckach
Seelze Pbf,8005507,4,Seelze
Siegburg,8005556,3,Siegburg
Siegelsdorf,8005557,4,Veitsbronn
Siegen Hbf,8000046,3,Siegen
Siegen-Weidenau,8003020,4,Siegen
Singen (Hohentwiel),8000073,2,Singen 
Sinsheim (Elsenz),8005578,4,Sinsheim (Elsenz)
Sinsheim (Elsenz) Hbf,8005578,4,Sinsheim (Elsenz)
Sinzig (Rhein),8005580,4,Sinzig 
Soest,8000076,3,Soest
Solingen-Ohligs,8000087,2,Solingen-Ohligs
Sömmerda,8010328,4,Sömmerda
Sonneberg (Thür) Hbf,8013008,4,Sonneberg (Thür)
Sonnenallee,8089327,4,Berlin
Sonthofen,8005609,4,Sonthofen
Speyer Hbf,8005628,4,Speyer
Springe,8005638,4,Springe
Springpfuhl,8089040,4,Berlin
St Ingbert,8005649,3,St. Ingbert
St Wendel,8005659,4,St. Wendel
Stade,8000089,4,Stade
Stadtallendorf,8005661,4,Stadtallendorf
Stadthagen,8005662,4,Stadthagen
Stadthausbrücke (S-Bahn),8005663,4,Hamburg
Starnberg,8005676,4,Starnberg
Starnberg-Nord,8005675,4,Starnberg
Stellingen (S-Bahn),8002559,4,Hamburg
Stendal,8010334,3,Stendal
Sternschanze (S-Bahn),8070146,3,Hamburg
Sternschanze (S-Bahn),8070146,3,Hamburg
Stolberg (Rheinl) Hbf,8000348,4,Stolberg (Rheinl)
Stolberg (Rheinl) Hbf,8000348,4,Stolberg (Rheinl)
Storkower Straße,8089041,4,Berlin
Stralsund,8010338,3,Stralsund
Straubing,8000095,4,Straubing
Strausberg,8010341,4,Strausberg
Stuttgart Feuersee,8006699,3,Stuttgart
Stuttgart Flughafen,8005768,4,Leinfelden - Echterdingen
Stuttgart Gottlieb-Daimler-Stadion,8006743,4,Stuttgart
Stuttgart Hbf,8000096,1,Stuttgart
Stuttgart Hbf,8000096,1,Stuttgart
Stuttgart Hbf,8000096,1,Stuttgart
Stuttgart Neckarpark,8006743,4,Stuttgart
Stuttgart Österfeld,8005779,4,Stuttgart
Stuttgart Schwabstraße,8006698,3,Stuttgart
Stuttgart Stadtmitte,8006700,3,Stuttgart
Stuttgart Universität,8006513,4,Stuttgart
Stuttgart-Bad Cannstatt,8005769,3,Stuttgart
Stuttgart-Feuerbach,8005770,4,Stuttgart-Feuerbach
Stuttgart-Obertürkheim,8005772,4,Stuttgart
Stuttgart-Rohr,8005773,4,Stuttgart
Stuttgart-Untertürkheim Pbf,8005775,3,Stuttgart
Stuttgart-Untertürkheim Pbf,8005775,3,Stuttgart
Stuttgart-Untertürkheim Pbf,8005775,3,Stuttgart
Stuttgart-Untertürkheim Pbf,8005775,3,Stuttgart
Stuttgart-Vaihingen,8005776,3,Stuttgart
Stuttgart-Zuffenhausen,8005778,3,Stuttgart
Süßen,8005790,4,Süßen
Syke,8005809,4,Syke
Tamm (Württ),8005820,4,Tamm 
Taufkirchen,8005831,4,Taufkirchen
Tharandt,8013114,4,Tharandt
Thesdorf (S-Bahn),8005858,4,Pinneberg
Tiergarten,8089091,4,Berlin
Tornesch,8005887,4,Tornesch
Tostedt,8005888,4,Tostedt
Traunstein,8000116,3,Traunstein
Treptower Park,8089043,4,Berlin
Treuchtlingen,8000122,3,Treuchtlingen
Treysa,8000129,4,Schwalmstadt-Treysa
Trier Hbf,8000134,2,Trier
Troisdorf,8000135,3,Troisdorf
Troisdorf,8000135,3,Troisdorf
Tübingen Hbf,8000141,2,Tübingen
Türkheim (Bay) Bahnhof,8000144,4,Türkheim 
Tuttlingen,8000163,3,Tuttlingen
Tutzing,8005927,3,Tutzing
Uelzen,8000168,2,Uelzen
Ulm Hbf,8000170,2,Ulm
Unna,8000171,3,Unna
Unter den Linden,8089044,4,Berlin
Unterföhring,8005986,4,Unterföhring
Vaihingen (Enz),8006053,4,Vaihingen (Enz)
Veddel (S-Bahn),8006062,4,Hamburg
Vellmar-Obervellmar,8004597,4,Vellmar
Verden (Aller),8006076,3,Verden (Aller)
Viersen,8000174,3,Viersen
Villingen (Schwarzw),8000366,4,Villingen-Schwenningen
Vilshofen (Niederbay),8006086,4,Vilshofen an der Donau
Völklingen,8000175,3,Völklingen
Wabern (Bz Kassel),8000368,4,Wabern
Wächtersbach,8006132,4,Wächtersbach
Waghäusel,8006137,4,Waghäusel
Waiblingen,8000180,3,Waiblingen
Waidmannslust,8089092,4,Berlin
Waldshut,8006167,4,Waldshut-Tiengen
Waldshut,8006167,4,Waldshut-Tiengen
Wandsbek Ost,8006197,4,Hamburg
Wandsbeker Chaussee (S-Bahn),8006198,4,Hamburg
Wanne-Eickel Hbf,8000192,3,Herne
Warburg (Westf),8000196,4,Warburg 
Waren (Müritz),8010361,4,Waren (Müritz)
Warnemünde,8013236,3,Rostock
Warschauer Straße,8089045,4,Berlin
Wattenscheid,8006226,4,Bochum
Wedding,8089131,4,Berlin
Weetzen,8000342,4,Ronnenberg
Weiden (Oberpf),8000204,3,Weiden in der Oberpfalz
Weil (Rhein),8006272,4,Weil  am Rhein
Weil der Stadt,8006271,4,Weil der Stadt
Weilheim (Oberbay),8000220,4,Weilheim 
Weimar,8010366,2,Weimar
Weinheim (Bergstr),8000377,4,Weinheim
Weißenburg (Bay),8006298,4,Weißenburg (Bay)
Weißenfels,8010368,3,Weißenfels
Wendlingen (Neckar),8006331,3,Wendlingen am Neckar
Werdau,8010372,4,Werdau
Werder (Havel),8010373,4,Werder (Havel)
Werl,8006342,4,Werl
Wernau (Neckar),8006346,4,Wernau
Wesel,8000242,3,Wesel
Westend,8089111,4,Berlin
Westerland (Sylt),8006369,3,Sylt/ OT Westerland  
Westhafen,8089116,4,Berlin
Wetzlar,8000383,3,Wetzlar
Wicklesgreuth,8006390,4,Petersaurach
Wiesbaden Hbf,8000250,2,Wiesbaden
Wiesbaden Ost,8006404,4,Wiesbaden
Wiesloch-Walldorf,8006421,3,Wiesloch
Wilhelmsburg (S-Bahn),8002561,4,Hamburg
Wilhelmshaven,8006445,4,Wilhelmshaven
Winden (Pfalz),8006468,4,Winden
Winnenden,8006479,3,Winnenden
Winsen (Luhe),8006484,4,Winsen (Luhe)
Witten Hbf,8000251,3,Witten
Wittenau (Wilhelmsruher Damm),8089096,4,Berlin
Wittenberge,8010382,3,Wittenberge
Wittlich Hbf,8000379,4,Wittlich
Wolfen (Kr Bitterfeld),8013335,4,Wolfen 
Wolfsburg,8006552,2,Wolfsburg
Wollankstraße,8089048,4,Berlin
Worms Hbf,8000257,2,Worms
Wörth (Rhein),8000254,3,Wörth
Wrist,8006572,4,Wrist
Wunstorf,8000268,3,Wunstorf
Wuppertal Hbf,8000266,2,Wuppertal
Wuppertal Zoologischer Garten,8006623,4,Wuppertal
Wuppertal-Barmen,8006596,4,Wuppertal-Barmen
Wuppertal-Oberbarmen,8006719,3,Wuppertal
Wuppertal-Sonnborn,8006618,4,Wuppertal
Wuppertal-Unterbarmen,8006620,4,Wuppertal
Wuppertal-Vohwinkel,8006718,3,Wuppertal
Würzburg Hbf,8000260,2,Würzburg
Wurzen,8013361,4,Wurzen
Zeitz,8010390,4,Zeitz
Zittau,8010393,4,Zittau
Zwickau (Sachs) Hbf,8010397,3,Zwickau 
